,date,media,url,category,category_sub,title,content
0,2023-10-30T11:51:00,아이뉴스24,https://n.news.naver.com/mnews/article/031/0000783269?sid=102,사회,지역,"울릉공항 건설 현장, 대형 암석 불법 매립...부실 공사 의혹 논란","경북 울릉공항 공사 현장에서 대형 암석의 불법 매립으로 인한 논란이 확산되고 있다. 30일  취재결과 시공사 DL 이앤씨(구, 대림산업)는 불법 매립된 대형 암석을 발견하고 이를 제거하는 작업을 진행하고 있다. 대부분 공사현장에선 대형암석이 나오면 보통 200mm~300mm이하로 파쇄해 매립한다. 하지만 이 현장 채산된 1m가 넘는 대형암석의 파쇄를 거치지 않고 중장비를 동원해 매립한 것으로 확인됐다. 표준시방서에는 매립 가능 암석 크기는 100mm 로 기준이 돼 있으며, 가급적 점성이 적은 재료를 사용애야 한다고 나와 있다. 이와 관련해 DL 이앤씨는 매립하는 과정을 원활하게 하기 위해 바지선 접안시설을 임시로 만드는 과정에서 발생한 문제라고 해명했다. 건설전문업체 한 관계자는 ""매립토에 암반 크기는 기초안전에 상당히 중요한 역할을 한다""며 ""대형암석이 들어가면 흙다짐을하더라도 천공 현장이 많고 강도가 일률적이지 않아 매립 후 안정적인 강도를 확보키 어렵다""고 강조했다. 또한 ""바지선 접안시설 설치지역 일부만 매립된 것인지 전체 지역에 매립된 것인지 확실치 않아 정확한 조사가 필요하다""고 지적했다. 일각에서는 시공사와 감리단, 그리고 협력업체와 말 맞춰 수박 겉핥기식으로 며칠 장비 투입해 대형암석 몇 개 건저 내고 원상복구를 끝냈다며 소나기 피하려는 대응이 아니냐는 우려 목소리 또한 크다. 주민 는 ""소음에 비산먼지로 그렇게 주민들 피해주더니 이제 부실시공까지 하고 있다""며 ""국내 최대 시공 능력을 자랑한다던 DL 이앤씨가 공사하면 잘할 줄 알았는데 수년간 느껴보니 변명과 거짓말은 국내 최대인 것 같다""고 한탄했다. 또 다른 주민 는 ""울릉공항은 울릉군 주민들의 염원이 담긴 현장이다. 이 때문에 환경피해와 인근 주민들이 환경 측면으로 불편해도 공기가 늦춰질까 봐 많이들 참고 있었다""며 ""주민 피해도 피해지만 부실 공사는 더더욱 안된다. 암반 매립이 불법으로 시공되었다면 원상으로 복구해 재 공사를 해야 한다""고 말했다. 헌편 울릉공항 건설공사는 오는 2025년 12월 준공을 목표로 총 사업비 7092억원을 들여 활주로 길이 1200m, 폭 36m에 여객기 6대와 경비행기 4대, 헬기 2대를 수용할 수 있는 계류장과 여객 터미널 등이 설치된다. 국토교통부 부산지방항공청이 발주해 DL이앤씨 등이 컨소시엄을 맡고 있다."
1,2023-07-21T10:07:00,연합뉴스,https://n.news.naver.com/mnews/article/001/0014082138?sid=102,사회,지역,[부고] 심회무(더팩트 전북본부장)씨 모친상,"김순례씨 별세, 심철무(한국원자력연구원 박사) 심회무(더팩트 전북본부장)씨 모친상, 안규백(더불어민주당 국회의원) 이종소(DL 이앤씨 부장)씨 장모상   21일, 전주예수병원 장례식장 301호, 발인 23일 오전 8시.     기사 섹션 분류 안내 이 기사를 추천합니다"
2,2023-10-13T18:48:00,KBS,https://n.news.naver.com/mnews/article/056/0011581644?sid=100,정치,정치일반,"“DL그룹, 8명 죽은 것 뭡니까! 왜 죽게 놔둬요!” [현장영상]","어제 국회 환경노동위원회의 국정감사에선 DL 이앤씨(옛 대림산업)의 안전불감증에 대한 비판이 쏟아졌습니다. 환노위원들은 특히 지난 8월 부산의 DL 아파트 건설현장에서 일하다 추락해 숨진 29살 고 강보경 씨 사건에 주목했습니다. 강 씨는 두 달 전, 건설 중이던 아파트 6층에서 깨진 유리를 교체하다 100kg가량 무게의 창호와 함께 건물 밖으로 추락해 숨졌습니다. DL과 하청업체인 KCC는 유리를 옮기라고만 했지, 교체하라고는 안 했다면서 책임이 없다고 주장해 왔습니다. 하지만 최근 회사 측 해명과는 다른, 공사 관계자들의 단체 대화방 내용이 공개되면서 '거짓말 의혹'이 일었습니다.  중대재해 8명 숨진 디엘이엔씨, 단톡방서 드러난 '책임 떠넘기기' ?ncd 7790823 지난해 1월 중대재해처벌법이 시행된 뒤 DL이앤씨 건설 현장에선 모두 7번의 사고가 났고, 8명의 노동자가 숨졌습니다. 어제 국감장에 나온 DL이앤씨의 마창민 대표이사는 1년 전에도 국회에 출석해 ""안전대책을 강화하겠다""고  약속했지만, 올해도 사망 사고는 이어졌습니다. 민주당 김영진 의원은 ""DL이앤씨 최대주주가 누구냐, 경영책임자인 마 대표가 아닌 그룹 총수 이해욱 DL그룹 회장이 증인으로 출석해야 한다""고 말하기도 했습니다. 강 씨의 유족들은 진상규명과 함께 경영자 처벌을 촉구하고 있습니다. DL 이앤씨 마창민 대표의 1년 전 발언과 어제 발언은  얼마나 달라졌을까요? 영상으로 확인하시죠.   4444"
3,2023-07-21T18:34:00,세계일보,https://n.news.naver.com/mnews/article/022/0003836698?sid=102,사회,인물,[부고] 김순례씨 별세 외,"김순례씨 별세, 심철무(한국원자력연구원 박사) 회무씨(더팩트 전북본부장) 모친상, 안규백(더불어민주당 국회의원) 이종소씨(DL 이앤씨 부장) 장모상 21일 전주예수병원 발인 23일 오전 8시    이정영씨 별세, 이영희씨(전 연합뉴스 부산취재본부장 팬스타그룹 고문) 부친상 20일 오후 8시50분 양산부산대병원 발인 23일 오전 9시  기사 섹션 분류 안내 이 기사를 추천합니다"
4,2023-07-22T00:48:00,중앙SUNDAY,https://n.news.naver.com/mnews/article/353/0000045454?sid=102,사회,사회 일반,[부고] 김정우씨 外,"김정우씨(전 LG화학 임원) 별세, 고정숙(구룡수 약국 약사) 남편상, 김범준(가톨릭대 교수) 미영씨(우먼카인드 매니저) 부친상, 최윤정씨(개인정보보호위원회 국제협력담당관) 시부상 22일 서울성모병원, 발인 24일 오전 5시, 2258 5940       김순례씨 별세, 심철무(한국원자력연구원 박사) 회무씨(더팩트 전북본부장) 모친상, 안규백(더불어민주당 국회의원) 이종소씨(DL 이앤씨 부장) 장모상 21일 전주 예수병원, 발인 23일 오전 8시,    기사 섹션 분류 안내 이 기사를 추천합니다"
5,2023-07-27T17:19:00,한겨레,https://n.news.naver.com/mnews/article/028/0002649980?sid=101,경제,경제 일반,"대우건설, 상반기 영업이익 28% 증가…이라크 토목 사업 덕 봐","상반기 경영실적 공시 DL이앤씨, 영업이익 소폭감소 신규수주는 23% 증가 대우건설과 디엘(DL)이앤씨가 올해 2분기 경영실적을 각각 발표했다. 대우건설은 영업이익이 지난해 동기보다 증가했고 디엘이앤씨는 신규 수주가 호조를 보였다. 대우건설은 연결 기준 올해 2분기 영업이익이 2177억원으로 지난해 동기보다 152.0% 증가한 것으로 잠정 집계됐다고 27일 밝혔다. 순이익은 2041억원으로 321.7% 늘었다. 상반기 매출은 지난해 동기(4조6904억원) 대비 25.4% 증가한 5조8795억원, 영업이익은 지난해 동기(3077억원)보다 28.2% 증가한 3944억원이다. 상반기 신규 수주액은 지난해 동기(7조7719억원) 대비 25.3% 감소한 5조8063억원이었다. 이는 연간 계획인 12조3천억원의 47.2%에 이른다. 올해 상반기 말 기준 수주잔고는 45조157억원로 연간 매출액 대비 4년여치 일감을 확보한 상태다. 대우건설 관계자는 ""부동산 경기 침체, 원자재가 및 외주비 급등으로 인해 주택건축사업의 원가율이 상승했지만, 토목사업 부문의 이라크 알 포와 플랜트사업 부문의 나이지리아 액화천연가스(LNG) 트레인7 등 해외 대형 프로젝트의 매출이 본격화되며 이익이 늘었다""고 설명했다. 디엘(DL)이앤씨(옛 대림산업)는 연결 기준 올해 2분기 영업이익이 719억원으로 지난해 동기보다 46.61% 감소한 것으로 잠정 집계됐다고 이날 밝혔다. 상반기 매출은 3조8206억원으로 지난해 동기(3조3917억원) 대비 13% 증가했지만 영업이익은 1620억원으로 지난해보다 소폭 줄었다.  디엘이엔씨는 상반기 신규 수주가 5조5137억원으로 지난해 동기에 견줘 23% 증가했다. 토목부문에서 총 사업비 6974억원 규모의 '남해여수 해저터널'을 수주했고 플랜트 사업부문은 에스오일(S OIL)이 투자하는 역대 최대 규모 국내 석유화학사업인 '샤힌 프로젝트' 중 1조4천억원 규모 패키지1 공사를 수주하는 등 성과가 있었다. 디엘이앤씨 관계자는 ""이번 수주 실적에는 포함되지 않았지만 지난 5월 우선협상대상자로 선정된 6조3천억원 규모 '백현 마이스' 도시개발사업 가운데 약 2조원이 3분기 중으로 인식될 전망""이라고 말했다.  기사 섹션 분류 안내 이 기사를 추천합니다"
6,2023-01-09T18:02:00,경향신문,https://n.news.naver.com/mnews/article/032/0003198026?sid=101,경제,부동산,"DL이앤씨, 강북5구역 재건축 수주… 688가구 규모","DL이앤씨가 서울 강북구 강북5구역 공공재개발사업 시공사로 선정됐다고 9일 밝혔다. 강북5구역 주민대표회의는 지난 7일 개최한 시공사 선정 총회에서 DL이앤씨를 시공사로 최종 선정했다. 강북구 미아동 61 79번지는 이번 공공재개발로 지하 6층지상 48층 3개 동, 총 688가구 규모의 아파트 및 복합상가로 탈바꿈될 예정이다. 공사비는 약 3151억원이며, 오는 2026년 상반기 중 착공에 들어간다. 강북5구역은 지하철 4호선 미아사거리역에 도보권으로 인접해있으며, 백화점, 대형마트, 영훈학교 등 생활인프라를 갖추고 있다. 강북5구역은 2021년 1월 공공재개발 시범사업 구역으로 선정됐다. 처음 도시정비구역으로 지정된 것은 2014년이지만, 공공재개발 시범사업 구역으로 선정되고 용적률 상향 등 규제가 완화되면서 사업 진행에 속도가 붙었다. DL 이앤씨 관계자는 ""강북5구역은 초역세권 입지에 학군과 편의시설을 갖춘 곳으로 향후 북서울 지역을 대표하는 랜드마크로 완성할 것""이라고 밝혔다.      기사를 더 보고 싶다면?          기사 섹션 분류 안내"
7,2023-01-26T11:33:00,한겨레,https://n.news.naver.com/mnews/article/028/0002624743?sid=101,경제,경제 일반,지난해 4분기 상위 100대 건설사 건설현장 사망 11명,"국토부 4분기 사망사고 집계 사고 발생 건설현장 특별점검 지난해 4분기 시공능력평가 상위 100대 건설사의 건설현장에서 발생한 사망자 수가 11명으로 나타났다.  26일 국토교통부의 지난해 4분기 건설현장 사망사고 집계를 보면, 전국에서 54명의 사망사고가 발생했으며 이 가운데 100대 건설사 사업장은 9곳(11명)이었다. 복수로 사망자가 발생한 곳은 3명의 사망자가 나온 에스지씨(SGC)이테크건설 현장이었다. 지난해 10월 에스지씨이테크건설이 시공을 맡은 경기도 안성시 원곡면 외가천리에 있는 케이와이(KY)로지스 저온물류창고 신축 공사현장에서 작업자 3명이 추락해 숨졌다. 삼성물산, 디엘(DL)이앤씨, 지에스(GS)건설, 디엘(DL)건설, 중흥토건, 제일건설, 대보건설, 극동건설 공사 현장에서도 사망자가 발생했다. 시공능력평가 3위 디엘이앤씨에서는 다섯 분기 연속 사망 사고가 발생했다. 국토부는 지난해 4분기 사망사고가 발생한 대형건설사와 하도급사 건설 현장을 대상으로 올해 3월까지 특별점검을 벌인다. 점검에서는 디엘이앤씨와 에스지씨이테크건설 현장에 대해 강도 높은 집중 정밀점검을 할 예정이다. 기사 섹션 분류 안내"
8,2023-08-24T10:09:00,동아일보,https://n.news.naver.com/mnews/article/020/0003516734?sid=101,경제,경제 일반,"DL이앤씨, IDEA 디자인 어워드 수상… 글로벌 어워드 2관왕","DL이앤씨는 미국산업디자인협회가 주관하는 '2023 IDEA 디자인 어워드'에서 디자인 전략 부문 본상을 수상했다고 24일 밝혔다. IDEA는 산업 디자인 분야에 중점을 둔 글로벌 디자인 어워드다. DL 이앤씨는 올해 주택 브랜드 '아크로(ACRO)'와 e편한세상의 브랜드 가이드라인인 '아워 크리드(OUR CREED)'로 수상에 성공했다. 아워 크리드는 단순한 브랜드 가이드라인을 넘어 브랜드에 대해 관계자들이 지켜나가야 할 신념을 담고 있다. 모든 브랜드 접점에서 일관적인 메시지와 시각적 요소를 전달하기 위해 브랜딩 철학, 디자인 전략, 조경, 사이니지, 커뮤니티 시설 디자인 등 광범위한 내용을 담고 있다. DL이앤씨는 이달 '2023 레드닷 어워드'에서도 아워 크리드로 '브랜드 가이드라인 디자인 전략' 부문 본상을 수상했다. 이번 수상을 통해 올해 글로벌 디자인 어워드 2관왕을 달성했다. DL이앤씨 관계자는 ""3대 글로벌 디자인 어워드로 손꼽히는 독일 레드닷, 미국 IDEA에서 연달아 수상하며 아크로와 e편한세상의 디자인 우수성을 인정받았다""며 ""앞으로 우리 브랜드의 전략과 비전을 섬세하게 구현해 매력적인 디자인과 공간을 선보일 것""이라고 말했다."
9,2023-10-24T11:12:00,디지털타임스,https://n.news.naver.com/mnews/article/029/0002832323?sid=101,경제,부동산,"DL이앤씨 `아크로`, 다방 하이엔드 아파트 선호도 조사서 1위","부동산 플랫폼업체 '다방'을 운영하는 스테이션3가 '2023 하이엔드 아파트 브랜드 선호도' 설문조사에서 DL이앤씨 '아크로'가 1위를 차지했다고 24일 밝혔다. 24일 다방에 따르면 지난달 11일부터 24일까지 전국 10~50대 남녀 1만7168명을 대상으로 '2023 하이엔드 아파트 브랜드 선호도' 설문조사를 실시한 결과 DL 이앤씨의 아크로가 전체 응답의 41.7%를 차지하며 1위를 차지했다. DL이앤씨의 주거 브랜드 아크로는 '아크로 리버뷰'를 비롯해 '아크로 리버파크''아크로 리버하임' 등 서울 한강변 고급 단지를 선보이는 대표적 하이엔드 아파트 브랜드다. 이어 대우건설 푸르지오 써밋(25.2%), 롯데건설 르엘(18.8%), 현대건설 디에이치(14.4%) 등의 순으로 고객 선호도가 높았다. 하이엔드 아파트에 살고 싶은 이유를 묻는 질문에는 24.5%가 '고급스러운 브랜드 이미지'라고 답했다. 단지 내 수영장, 조식 제공 등 '다양한 커뮤니티 시설'(16.9%)과 '뛰어난 디자인과 고급 자재'(16.6%)가 뒤를 이었다. 이어 스마트홈, AI 기능 등의 최첨단 시스템(15.2%), 우수한 시공 능력 및 하자 유지 보수(14.5%), 프라이빗하고 품격 있는 조경(10.5%) 등을 꼽았다. 다방 마케팅실 장준혁 실장은 ""최근 하이엔드 아파트에는 고급스러운 디자인, 자재에 커뮤니티 시설, 독보적인 특화 설계 및 기술력 등 소비자의 니즈를 반영한 차별화 요소들이 접목되는 추세""라며 ""하이엔드 단지 소비자들의 취향이 세분화, 다양화해지는 만큼 고급스럽고 차별화한 하이엔드 아파트에 대한 수요는 더욱 높아질 것으로 보인다""고 말했다."
10,2023-10-24T09:17:00,뉴시스,https://n.news.naver.com/mnews/article/003/0012164569?sid=101,경제,부동산,"DL이앤씨 '아크로', 하이엔드 아파트 고객선호도 조사 1위","부동산 플랫폼업체 '다방'을 운영하는 스테이션3는 '2023 하이엔드 아파트 브랜드 선호도' 설문조사에서 DL이앤씨의 '아크로'가 1위를 차지했다고 24일 밝혔다. 다방이 지난달 11일부터 24일까지 전국 10~50대 남녀 1만7168명을 대상으로 '2023 하이엔드 아파트 브랜드 선호도' 설문조사를 실시한 결과, DL 이앤씨의 '아크로'가 전체 응답의 41.7%를 차지하며 1위를 차지했다. DL이앤씨의 주거 브랜드인 '아크로'는 아크로 리버뷰를 비롯해 아크로 리버파크, 아크로 리버하임 등 한강변 입지에 고급 단지를 선보이며 강남권의 대표적 하이엔드 아파트로 자리매김했다. 이어 대우건설 푸르지오 써밋(25.2%), 롯데건설 르엘(18.8%), 현대건설 디에이치(14.4%) 등의 순으로 고객 선호도가 높았다. 하이엔드 아파트에 살고 싶은 이유를 묻는 질문에는 24.5%가 '고급스러운 브랜드 이미지'라고 답했으며, 단지 내 수영장, 조식 제공 등 '다양한 커뮤니티 시설'(16.9%)과 '뛰어난 디자인과 고급 자재'(16.6%)가 뒤를 이었다. 이어 스마트홈, AI 기능 등의 최첨단 시스템(15.2%), 우수한 시공 능력 및 하자 유지 보수(14.5%), 프라이빗하고 품격 있는 조경(10.5%) 등을 꼽았다. 다방의 마케팅실 장준혁 실장은 ""최근 하이엔드 아파트에는 고급스러운 디자인, 자재에 커뮤니티 시설, 독보적인 특화 설계 및 기술력 등 소비자의 니즈를 반영한 차별화 요소들이 접목되는 추세""라며 ""하이엔드 단지 소비자들의 취향이 세분화, 다양화해지는 만큼 고급스럽고 차별화한 하이엔드 아파트에 대한 수요는 더욱 높아질 것으로 보인다""라고 말했다."
11,2023-08-14T10:42:00,뉴스1,https://n.news.naver.com/mnews/article/421/0006988869?sid=101,경제,경제 일반,"이정식 고용장관, 8명 사망사고 디엘이엔씨 엄정수사 지시…용납 안돼","이정식 고용노동부 장관은 14일 당국의 현장감독 등에도 7건의 사망사고를 디엘이앤씨(375500)를 두고 ""대형 건설사에서 반복해서 사고가 발생하는 것은 용납할 수 없는 일""이라며 엄정한 수사를 지시했다. 지난해 4건의 사망사고를 내 고용부의 현장감독을 받은 디엘(DL)이앤씨는 459건의 법 위반사항이 적발됐다. 이후에도 사망사고를 내며 지난달 고용부가 전국 현장을 대상으로 일제감독에 나섰으나 또 다시 사망사고를 낸 것이다. DL이앤씨는 지난해 3월부터 이달 11일까지 총 7건의 사망사고를 냈다. 이 사고로 8명의 사망자가 발생했다. 가장 최근인 지난 11일에는 부산 연제의 한 공사현장에서 창호교체를 하던 20대 작업자가 6층 높이에서 추락해 사망했다. 이 장관의 지시를 받은 고용부 산업안전보건본부는 이날 산재예방감독정채관 주재로 DL이앤씨 수사를 담당하는 서울 중부 부산지방고용노동청 및 경기지청 등의 광역중대재해수사과장이 참여하는 'DL이앤씨 사망사고 관련 긴급 합동 수사회의'를 열었다. 회의를 통해 각 지방고용노동청의 수사 진행 상황을 점검 공유하고, 사고별 산업안전보건법상 안전조치 의무 위반 및 중대재해처벌법 관련 DL이앤씨의 안전보건관리체계 구축 여부 등 수사상 쟁점 사항을 논의했다. 고용부 본부와 3개 지방관서는 유기적인 공조체제를 구축해 수사에 속도를 내고, 법 위반이 확인될 경우 엄중 조치할 계획이다. 이 장관은 ""각 사건별 중대재해의 원인을 철저히 규명하고, DL이앤씨의 반복적인 사고가 안전보건관리체계의 구조적 문제로 인한 것인지 등에 대해 파악하겠다""고 말했다."
12,2023-08-18T19:31:00,KBS,https://n.news.naver.com/mnews/article/056/0011548338?sid=101,경제,경제 일반,새만금 국제공항 건설 공사 입찰에 3개 컨소시엄 참여,"조달청은 어제(17) 마감된 새만금 국제공항 건설 공사 입찰에 현대건설과 DL(디엘)이앤씨, HJ(에이치제이)중공업 등 3개 컨소시엄이 응찰했다고 밝혔습니다. 입찰 조건은 전북지역 건설사와 의무적으로 20 퍼센트 공동 도급해야 합니다. 최종 적격자는 다음 달 국토교통부 중앙 건설기술 심의위원회 심사를 통해 결정될 예정입니다. 5천억 원을 들여 새만금 일원에 활주로와 계류장, 관제탑, 항행 안전시설 등을 조성하는 이번 공사는 설계와 시공을 일괄적으로 입찰하는 턴키 방식으로 진행합니다."
13,2023-08-18T21:45:00,KBS,https://n.news.naver.com/mnews/article/056/0011548455?sid=101,경제,경제 일반,새만금 국제공항 건설 공사 입찰에 3개 컨소시엄 참여,"조달청은 어제(17) 마감된 새만금 국제공항 건설 공사 입찰에 현대건설과 DL(디엘)이앤씨, HJ(에이치제이)중공업 등 3개 컨소시엄이 응찰했다고 밝혔습니다. 입찰 조건은 전북지역 건설사와 의무적으로 20 퍼센트 공동 도급해야 합니다. 최종 적격자는 다음 달 국토교통부 중앙 건설기술 심의위원회 심사를 통해 결정될 예정입니다. 5천억 원을 들여 새만금 일원에 활주로와 계류장, 관제탑, 항행 안전시설 등을 조성하는 이번 공사는 설계와 시공을 일괄적으로 입찰하는 턴키 방식으로 진행합니다."
14,2023-08-18T14:46:00,KBS,https://n.news.naver.com/mnews/article/056/0011548217?sid=101,경제,경제 일반,새만금 국제공항 건설 공사 입찰에 3개 컨소시엄 참여,"어제(17) 마감된 새만금 국제공항 건설 공사 입찰에 3개 컨소시엄이 응찰한 것으로 나타났습니다. 조달청은 현대건설과 DL(디엘)이앤씨, HJ(에이치제이)중공업 등 3개 컨소시엄이 입찰자격 사전심사 서류를 접수했다고 밝혔습니다. 입찰 조건은 전북지역 건설사와 20% 공동도급 의무화 등입니다. 최종 적격자는 다음 달 국토교통부 중앙건설기술심의위원회의 심사를 통해 결정할 예정입니다. 이번 공사는 5천여억 원을 들여 활주로와 계류장, 관제탑, 항행 안전시설 등을 조성하는 것으로, 설계와 시공을 일괄적으로 입찰하는 턴키 방식으로 진행합니다."
15,2023-05-22T17:39:00,한겨레,https://n.news.naver.com/mnews/article/028/0002640818?sid=101,경제,경제 일반,바다 밑에서 두 갈래로…남해~여수에 국내 첫 ‘해저 분기터널’,"DL이앤씨 국내 첫 해저 분기터널 설계  지역균형발전 이동거리 1시간20분 단축 디엘(DL)이앤씨(옛 대림산업)가 한려수도 남해와 여수를 잇는 국내 최초 '해저 분기터널'을 건설한다. 디엘이앤씨는 국토교통부가 발주한 남해여수 해저터널 건설사업(남해 서면여수신덕 국도건설공사)의 실시설계적격자 선정 통보를 받았다고 22일 밝혔다. 이 사업은 전남 여수 신덕동과 경남 남해 서면을 연결하는 총 8.09㎞(해저터널 구간 5.76㎞)의 4차선 국도를 2031년까지 신설하는 것으로, 총사업비는 6974억원이다. 디엘이앤씨는 입찰 참여업체 가운데 유일하게 터널 본선 외에 남해군 북측으로 연결로를 신설한 '해저 분기터널'을 제안해 가장 높은 기술 점수를 받았다고 설명했다. 해저 분기터널 설계 시공은 이번이 국내 첫 사례로, 총 연장은 충남 보령해저터널(6.92㎞) 다음으로 길다. 남해여수 사이에 이 해저터널이 뚫리면 이동시간은 기존 1시간 30분에서 10분으로 대폭 줄어든다. 이 사업은 애초 기본계획상 전남 여수 신덕동에서 경남 남해 서상리를 잇는 남측 단방향 노선이었으나 디엘이앤씨는 지역경제 활성화와 균형발전을 동시에 해결하기 위해 해저 분기터널로 남해 서북쪽의 남상리를 함께 연결하는 설계안을 제안했다. 회사 관계자는 ""싱가포르 마리나 해안고속도로, 신월여의 지하차도(서울제물포 터널) 시공 경험에서 얻은 분기터널 기술을 통해 남해 남측과 북측 모두 여수와 연결해 관광은 물론 지역경제 활성화를 고루 누릴 수 있도록 설계했다""고 설명했다.  디엘이앤씨는 해저 분기터널 설계를 통해 터널 시공 막장(작업용 진출입구)을 기존 4개에서 8개로 확장해 공사 기간을 13개월가량 단축할 수 있을 것으로 예상했다. 막장이 늘어나면 동시에 시공할 수 있는 구간이 늘어나 공기를 줄일 수 있다. 권수영 디엘이앤씨 토목사업본부장은 ""남해여수 해저터널 수주로 차별화된 해저터널 설계 및 시공 기술력을 입증했다""며 ""국내외 해저터널 시장에서 압도적인 경쟁력을 앞세워 수주를 확대해나갈 것""이라고 말했다. 기사 섹션 분류 안내 이 기사를 추천합니다"
16,2023-09-20T16:27:00,파이낸셜뉴스,https://n.news.naver.com/mnews/article/014/0005075816?sid=101,경제,증권,"“흔들리는 글로벌 건설시장, 12년 뒤엔 14조달러로”","거시경제 상황 악화로 좀체 회복세를 보이지 못 하고 있는 글로벌 건설시장이 12년 뒤 약 14조달러(약 1경8600조원) 규모로 커질 것이라는 전망이 나왔다. 신흥국 중심 프로젝트, 선진국 그린 에너지 전환 등이 그 동력으로 작용할 것으로 판단됐다. 20일 한국 딜로이트 그룹이 발간한 '딜로이트 2022 글로벌 건설강자(Global Powers of Construction 2022)' 보고서에 이 같은 내용이 담겼다. 해당 보고서에 따르면 올해 글로벌 건설 시장 성장률은 1.9%로, 전년(1.3%) 대비 소폭 성장 속도 증가가 예측되지만, 이전과 같은 성장세는 회복하지 못하고 있다. 다만 중장기적 관점에선 지난해 기준 9조7000억달러인 글로벌 건설시장 규모가 오는 2037년엔 13조9000억달러까지 확대될 것으로 예상된다. 당장은 각국 정부 엔데믹 후 경제 회복 정책으로 진행되는 대규모 국책 인프라 사업이 성장 기반이 될 것으로 보이며, 중장기적으론 디지털화와 탄소중립에 따른 인프라 투자가 동력이 될 전망이다. 앞서 2021년 글로벌 상위 100대 기업에 등재됐던 국내 7개 기업(삼성물산, 현대건설, 두산, GS건설, 대우건설, DL 이앤씨, HJ 중공업)은 지난해 기준으로도 이 밖으로 밀려나지 않았다. 다만 이들 기업 매출액은 전년 대비 평균 8.3% 증가했지만, 금리인상과 글로벌 불확실성 증가 등으로 인해 시가총액은 10.4~49.4% 감소했다. 기준금리 상승, 추가 인플레이션 압력, 지정학적 리스크 등 글로벌 불확실성은 글로벌 건설업계에도 지속 작용할 것으로 분석됐다. 다만 디지털화와 탄소중립 실현을 위한 통신망, 데이터 센터, 배터리 및 전기차 공장 등 대규모 인프라 투자는 중장기적 관점에서 글로벌 건설 산업 성장을 주도하는 핵심으로 꼽힌다. 이종우 한국 딜로이트 그룹 에너지, 자원 및 산업소재(ER I) 섹터 리더는 ""엔데믹으로 예상된 글로벌 건설경기 회복은 기준금리 인상, 지정학적 리스크, 인플레이션 등 다양한 불확실성 요소로 실현되지 못한 상황""이라면서 ""국내 건설업 관계자들이 글로벌 건설강자들 현황과 시장 상황을 객관적으로 이해하고 판단력을 얻는 기회가 되길 바란다""고 말했다."
17,2023-10-24T09:19:00,문화일보,https://n.news.naver.com/mnews/article/021/0002600836?sid=101,경제,산업/재계,“가장 선호하는 하이엔드 아파트 브랜드는 DL이앤씨 ‘아크로’”,"DL이앤씨 '아크로' 3회 연속 하이엔드 아파트 고객 선호도 1위 등극 다방, '2023 하이엔드 아파트 브랜드 선호도 조사' 결과 발표 하이엔드 아파트 선호 이유로 '고급스러운 이미지'와 '다양한 커뮤니티 시설' 등 꼽아 최근 차별화된 고급 아파트에 대한 수요가 증가하고 있는 가운데 '하이엔드 아파트' 브랜드 중 고객 선호도가 가장 높은 브랜드는 '아크로'로 나타났다. 부동산 플랫폼 '다방'을 운영하는 스테이션3(대표 유형석)는 전국 10~50대 남녀 1만7168명을 대상으로 '2023 하이엔드 아파트 브랜드 선호도 설문조사'를 실시한 결과, DL 이앤씨의 '아크로'가 전체 응답의 41.7%를 차지하며 작년 설문조사에 이어 올해도 고객 선호도 조사 1위에 올랐다고 24일 밝혔다. 이어 대우건설 푸르지오 써밋(25.2%), 롯데건설 르엘(18.8%), 현대건설 디에이치(14.4%) 등의 순으로 고객 선호도가 높았다. '아크로'는 3회 연속 남녀 성별에 상관없이 전연령대에서 가장 높은 선호도를 보이며 전체 순위 1위에 올랐다. DL이앤씨의 주거 브랜드인 '아크로'는 아크로 리버뷰를 비롯해 아크로 리버파크, 아크로 리버하임 등 한강변 입지에 고급 단지를 선보이며 강남권의 대표적 하이엔드 아파트라는 인식을 얻은 것으로 보인다. 대규모 녹지공간을 확보하기 어려운 서울 도심에서, 숲세권과 한강 조망을 자랑하는 아크로 서울포레스트는 성수 일대를 신흥 부촌으로 이끌고 있다는 평가가 나온다. 하이엔드 아파트에 살고 싶은 이유를 묻는 질문에는 24.5%가 '고급스러운 브랜드 이미지'라고 답했으며, 단지 내 수영장, 조식 제공 등 '다양한 커뮤니티 시설'(16.9%)과 '뛰어난 디자인과 고급 자재'(16.6%)가 뒤를 이었다. 이어 스마트홈, 인공지능(AI) 기능 등의 최첨단 시스템(15.2%), 우수한 시공 능력 및 하자 유지 보수(14.5%), 프라이빗하고 품격 있는 조경(10.5%) 등을 꼽았다. 다방 관계자는 ""최근 하이엔드 아파트에는 고급스러운 디자인, 자재에 커뮤니티 시설, 독보적인 특화 설계 및 기술력 등 소비자의 니즈를 반영한 차별화 요소들이 접목되는 추세""라고 말했다."
18,2023-10-24T09:26:00,이데일리,https://n.news.naver.com/mnews/article/018/0005602528?sid=101,경제,부동산,"다방, 하이엔드 아파트 브랜드 1위 DL이앤씨 '아크로'","최근 차별화된 고급 아파트에 대한 수요가 증가하고 있는 가운데 '하이엔드 아파트' 브랜드 중 고객 선호도가 가장 높은 브랜드는 '아크로'인 것으로 나타났다. 부동산 플랫폼 '다방'을 운영하는 스테이션3는 전국 10~50대 남녀 1만 7168명을 대상으로 '2023 하이엔드 아파트 브랜드 선호도 설문조사'를 실시했다고 24일 밝혔다. 그 결과 DL 이앤씨의 '아크로'가 전체 응답의 41.7%를 차지하며 작년 설문조사에 이어 올해도 고객 선호도 조사 1위에 올랐다. 이어 대우건설 푸르지오 써밋(25.2%), 롯데건설 르엘(18.8%), 현대건설 디에이치(14.4%) 등의 순으로 고객 선호도가 높았다. 아크로는 3회 연속 남녀 성별에 상관없이 전연령대에서 가장 높은 선호도를 보이며 전체 순위 1위에 올랐다. DL이앤씨의 주거 브랜드인 '아크로'는 아크로 리버뷰를 비롯해 아크로 리버파크, 아크로 리버하임 등 한강변 입지에 고급 단지를 선보이며 강남권의 대표적 하이엔드 아파트로 자리매김했다. 대규모 녹지공간을 확보하기 어려운 서울 도심에서, 숲세권과 한강 조망을 자랑하는 아크로 서울포레스트는 성수 일대를 신흥 부촌으로 이끌며 대한민국 대표 하이엔드 아파트 브랜드로서의 입지를 확고히 하고 있다. 하이엔드 아파트에 살고 싶은 이유를 묻는 질문에는 24.5%가 '고급스러운 브랜드 이미지'라고 답했다. 단지 내 수영장, 조식 제공 등 '다양한 커뮤니티 시설'(16.9%)과 '뛰어난 디자인과 고급 자재'(16.6%)가 뒤를 이었다. 이어 스마트홈, 인공지능(AI) 기능 등의 최첨단 시스템(15.2%), 우수한 시공 능력 및 하자 유지 보수(14.5%), 프라이빗하고 품격 있는 조경(10.5%) 등을 꼽았다. 다방의 마케팅실 장준혁 실장은 ""최근 하이엔드 아파트에는 고급스러운 디자인, 자재에 커뮤니티 시설, 독보적인 특화 설계 및 기술력 등 소비자의 니즈를 반영한 차별화 요소들이 접목되는 추세""라며 ""하이엔드 단지 소비자들의 취향이 세분화, 다양화해지는 만큼 고급스럽고 차별화한 하이엔드 아파트에 대한 수요는 더욱 높아질 것으로 보인다""라고 말했다."
19,2023-10-25T14:10:00,아시아경제,https://n.news.naver.com/mnews/article/277/0005331173?sid=101,경제,부동산,"다방, ‘2023 하이엔드 아파트 브랜드 선호도 설문조사’ 결과 공개","최근 차별화된 고급 아파트에 대한 수요가 증가하고 있는 가운데 '하이엔드 아파트' 브랜드 중 고객 선호도가 가장 높은 브랜드는 '아크로'인 것으로 나타났다. 국내 최대 부동산 플랫폼 '다방'을 운영하는 스테이션3(대표 유형석)는 전국 10~50대 남녀 1만 7168명을 대상으로 '2023 하이엔드 아파트 브랜드 선호도 설문조사'를 실시한 결과, DL 이앤씨의 '아크로'가 전체 응답의 41.7%를 차지하며 작년 설문조사에 이어 올해도 고객 선호도 조사 1위에 올랐다고 24일 밝혔다. 이어 대우건설 푸르지오 써밋(25.2%), 롯데건설 르엘(18.8%), 현대건설 디에이치(14.4%) 등의 순으로 고객 선호도가 높았다. '아크로'는 3회 연속 남녀 성별에 상관없이 전연령대에서 가장 높은 선호도를 보이며 전체 순위 1위에 올랐다. DL이앤씨의 주거 브랜드인 '아크로'는 아크로 리버뷰를 비롯해 아크로 리버파크, 아크로 리버하임 등 한강변 입지에 고급 단지를 선보이며 강남권의 대표적 하이엔드 아파트로 자리매김했다. 대규모 녹지공간을 확보하기 어려운 서울 도심에서 숲세권과 한강 조망을 자랑하는 아크로 서울포레스트는 성수 일대를 신흥 부촌으로 이끌며 대한민국 대표 하이엔드 아파트 브랜드로서의 입지를 확고히 하고 있다. 하이엔드 아파트에 살고 싶은 이유를 묻는 질문에는 24.5%가 '고급스러운 브랜드 이미지'라고 답했으며, 단지 내 수영장, 조식 제공 등 '다양한 커뮤니티 시설'(16.9%)과 '뛰어난 디자인과 고급 자재'(16.6%)가 뒤를 이었다. 이어 스마트홈, AI 기능 등의 최첨단 시스템(15.2%), 우수한 시공 능력 및 하자 유지 보수(14.5%), 프라이빗하고 품격 있는 조경(10.5%) 등을 꼽았다. 다방 마케팅실 장준혁 실장은 ""최근 하이엔드 아파트에는 고급스러운 디자인, 자재에 커뮤니티 시설, 독보적인 특화 설계 및 기술력 등 소비자의 니즈를 반영한 차별화 요소들이 접목되는 추세""라며 ""하이엔드 단지 소비자들의 취향이 세분화, 다양화해지는 만큼 고급스럽고 차별화한 하이엔드 아파트에 대한 수요는 더욱 높아질 것으로 보인다""고 말했다."
20,2023-10-11T16:15:00,한겨레,https://n.news.naver.com/mnews/article/028/0002659837?sid=101,경제,경제 일반,"[단독]공정위, DL이앤씨·SK에코 ‘해외 갑질’ 조사 개시","공정거래위원회가 국내 대형 건설사 디엘(DL)이앤씨와 에스케이(SK)에코플랜트의 튀르키예 현수교 건설 과정에서 벌어진 갑질 분쟁에 대해 조사를 개시했다. 국외에서 현지 조인트 벤처와 맺은 계약에 대해 공정거래법을 적용하는 드문 사례여서 향후 공정위의 최종 판단에 관심이 쏠린다. 11일, 이 두 건설회사를 공정거래법 위반으로 신고한 관수이앤씨에게 공정위가 보낸 공문을 보면, 공정위는 ""(신고인의) 민원내용에 대해 신고사건으로 접수해 처리할 예정""이라고 밝혔다. 사건심사 착수보고가 된 단계로, 정식 사건번호가 부여됐다. 이 사건은 튀르키예 다르다넬스해협을 횡단하는 세계 최장 현수교인 차나칼레대교를 건설하는 과정에서 발생했다. 건설 주체는 에스케이에코플랜트와 디엘이앤씨가 각각 튀르키예 현지에 설립한 법인 및 튀르키예 건설사 두 곳 등 총 4개사가 지분을 25%씩 나눠 가진 조인트 벤처다. 관수이앤씨는 이 조인트 벤처와 계약을 맺고 현수교 케이블시스템 설치 공사 관련 부대공사 공사를 진행했다. 분쟁은 공사일정이 예상보다 미뤄지면서 촉발됐다. 2019년 6월에 시작해 2021년 11월에 마무리될 예정이던 공사는 2022년 10월에야 끝났는데, 추가로 투입된 공사비를 두고 양쪽 의견이 엇갈렸다. 지난해 이 사건이 국회 국정감사에서 지적됐고 한국공정거래조정원의 조정절차도 진행됐으나 조정이 성립되지 않았다. 이에 관수이앤씨가 지난 8월께 에스케이, 디엘과 두 회사가 세운 튀르키예법인 등 총 4개사를 신고했고 공정위가 조사에 착수한 것이다. 공정위는 두 건설사가 공정거래법상 거래상 지위 남용 행위를 저질렀는지 따져볼 계획이다. 관건은 이번 사건이 공정거래법상 '역외 적용' 대상인지 여부다. 관수이앤씨가 직접 계약을 맺은 상대방이 튀르키예 조인트 벤처이기 때문이다. 공정거래법은 국내 시장에 영향을 미치는 경우에만 국외에서 벌어진 사건에 적용할 수 있다. 통상 역외 적용은 담합 사건에 적용한다. 국내에 수입되는 물품을 공급하는 해외 업체들이 가격을 담합하면 공정위가 제재할 수 있다. 옛 공정위 고위관계자는 ""역외 적용을 공정거래법상 거래상 지위 남용에 활용하는 건 극히 드물다""며 ""공정위가 '국내 시장에 영향을 미치는 경우'라는 법 조항을 적극적으로 해석한 것으로 보인다""고 말했다."
21,2023-09-26T17:17:00,매경이코노미,https://n.news.naver.com/mnews/article/024/0000084806?sid=102,사회,인물,하자 많은 건설사는 GS건설 계룡건설 순...국토부 多 순위 공개,"세부 하자 건수 가장 많은 건설사는 GS 건설  계룡 대방 뒤이어 올 하반기부터 연 2회 '하자 판정 상위 20개 명단' 공개 국토부가 국민 알권리를 위해 하반기부터 건설사별 하자 현황을 공개하기로 했다. 기존에도 하자 접수 건수(단순 집계)를 비정기적으로 공개한 바 있지만 더 정확한 정보를 위해 정기적으로 실제 하자 판명 결과를 공개하기로 했다. 25일 국토교통부는 하자심사분쟁조정위원회(이하 하심위)의 하자 처리현황과 건설사별 하자 현황을 공개하기로 했다고 밝혔다. 하심위는 공동주택에서 발생하는 하자와 관련한 분쟁을 법원 대신 해결하고자 설치된 기구다. 지금까지 하심위는 홈페이지에 매년 위원회 회의 개최현황과 사건접수 현황을 공개해왔다. 하지만 실제 하자로 판명난 사건 정보 공개 필요성이 제기돼 하자처리 건수 및 시공사별 하자 현황 등을 공개하기로 했다. 올 하반기부터 연 2회 반기별로 하자 판정 건수가 많은 상위 20개 건설사 명단을 공개한다. 이번에 공개된 올 하반기 기준 집계에 따르면 2019년부터 올 8월까지 연평균 4000여건의 하자 관련 분쟁사건이 하심위에서 처리됐다. 이중 90%가 하자 여부를 가리는 하자 심사고 나머지는 분쟁조정 재정 등에 해당한다. 이번 명단에서 GS 건설이 불명예 1위를 차지했다. 759건의 하자 심사 결과 372건이 하자 판정을 받았고 세부 하자 3062건 중 1612건(52.6%)이 실제 하자였다. 순위는 세부 하자 건수 기준으로 매겨졌다. 세부 하자 건수 기준, 계룡건설산업은 955건 중 533건(55.8%)이 하자로 판명돼 2위를 차지했다. 대방건설 967건 중 503건(52.0%), 에스엠상선 726건 중 402건(55.4%), 대명종합건설 1430건 중 361건(25.2%), DL 이앤씨 743건 중 323건(43.5%), 대우건설 1274건 중 308건(24.2%) 등의 순으로 뒤를 이었다. 한편 전체 하자 판정 심사 건수 중 하자로 판정받은 비율은 60% 이상이었다. 접수된 주요 하자유형은 균열, 누수, 주방후드 위생설비 기능불량, 들뜸 및 탈락 결로, 오염 및 변색 등이다. 유혜령 국토교통부 주택건설공급과 과장은 ""하자 공개로 국민의 알권리가 실현되고 건설사 품질개선 계기가 될 수 있을 것""이라고 밝혔다."
22,2023-02-28T06:00:00,아시아경제,https://n.news.naver.com/mnews/article/277/0005223993?sid=101,경제,부동산,吳 신통기획 효과…여의도 재건축이 다시 움직인다,"대교 아파트 재건축 추진위 설립 신통기획 통해 늦은 추진 만회 앞서 시범, 한양 등 신통기획안 마련 겹겹이 쌓였던 규제와 통개발 논란에 가로막혔던 여의도 재건축이 다시 움직인다. 대표적 노후 아파트인 시범 한양 재건축이 오세훈 서울시장의 신속통합기획에 힘입어 본궤도에 오르자 대교 등 후발주자들도 속도를 내고 있다. '35층 룰' 폐지 등으로 사업성이 개선될 여지가 커진 만큼 대형 건설사들도 물밑에서 치열한 경쟁을 벌이는 분위기다. 28일 정비업계에 따르면 서울 영등포구 여의도동 대교 아파트는 지난 24일 영등포구청으로부터 재건축 추진위원회 설립을 승인받았다. 1975년 지어져 입주 49년 차인 이 아파트는 총 576가구로 구성됐다. 한강 조망이 가능하고 여의도여고, 여의도중, 여의도초와 가까워 입지가 뛰어나다. 지하철 5호선 여의나루역까지는 도보 10분 거리다. 대교 아파트는 2017년 6월 재건축 안전진단을 조건부로 통과했다. 그러나 신탁 재건축을 놓고 주민 갈등이 깊어지며 사업에 난항을 겪었다. 2021년부터는 종상향과 용적률 인센티브를 받기 위해 인근 소규모 단지 화랑 장미 아파트와 통합 재건축을 논의했으나, 이마저도 한강 조망권 문제 등으로 무산됐다. 대교 아파트 재건축 추진위원회 관계자는 ""통합 재건축 협의로 사업이 지연될 시 발생하는 손실이 크다고 판단해 지난해 10월부터 단독 재건축을 추진해왔다""면서 ""여의도 내 다른 단지 대비 시작이 늦었지만 신통기획을 활용해 빠르게 추진할 계획""이라고 설명했다. 신통기획은 서울시가 정비사업 초기 단계부터 관여해 성공 가능성을 높이는 제도다. 행정 절차 간소화로 사업 속도를 높이고, 용적률 등 인센티브를 받아 사업성을 개선할 수 있다. 최근 여의도 내 대표적 노후 단지들이 오랜 표류를 끝내고 신통기획을 통해 재건축 청사진을 확정했다. 1971년 준공돼 여의도에서 가장 오래된 시범 아파트는 지난해 11월 최고 65층, 2500가구 규모로 재건축되는 신통기획안을 마련했다. 용적률은 공공기여를 전제로 400%가 적용된다. 1975년 지어진 한양 아파트 역시 지난달 신통기획안을 확정했다. 제3종일반주거지역에서 일반상업지역으로 상향돼 최고 54층, 1000가구 규모의 금융특화 주거단지로 변모한다. 이에 재건축이 한발 늦은 아파트 소유주들이 자극받아 절차를 서두르는 분위기다. 정부의 각종 규제완화도 분위기 변화에 한몫하고 있다. 실제로 대교 아파트 재건축 추진위는 올해 안에 조합을 설립하기 위해 지난달부터 소유주를 대상으로 동의서를 받고 있는데, 두 달도 안 돼 60% 동의율을 확보했다. 지난달에는 광장 아파트 1 2동이 재건축 추진위원회를 설립했고, 지난해 11월에는 1974년 준공된 은하아파트가 재건축 정밀안전진단을 통과했다. 정비업계 관계자는 ""여의도는 쉰 살이 다 된 노후 아파트가 수두룩한데 박원순 전 서울시장의 통합개발 구상과 35층 룰을 비롯한 과도한 규제로 표류해왔다""면서 ""최근 초고층 재건축도 가능케 되면서 삼성물산, 현대건설, DL 이앤씨 등 대형 건설사들이 곳곳에서 시공사 선정을 위해 물밑에서 작업 중""이라고 말했다.   기사를 더 보고 싶다면?          기사 섹션 분류 안내 이 기사를 추천합니다"
23,2023-10-17T10:53:00,한겨레,https://n.news.naver.com/mnews/article/028/0002660573?sid=101,경제,경제 일반,"해외 갑질은 보복행위 가능?…공정위, DL 보복 “하도급법 대상 아냐”","하도급 대금 문제로 원사업자인 대형 건설사에 반기를 들고, 이를 공정거래위원회에 신고한 하청업체가 공사 입찰에서 배제되는 보복행위를 당했으나 법의 구제를 받기 어려운 처지에 놓였다. 보복행위를 유발한 사건이 해외에서 벌어진 데다가 직접 계약한 대상이 원사업자가 지분의 25%만 참여한 국외 조인트 벤처여서다. 16일, 국내 대형건설사 디엘(DL)이앤씨(이하 디엘)를 하도급법상 '보복조치의 금지' 위반 혐의로 공정위에 신고한 관수이앤씨(이하 관수)의 신고서를 보면, 디엘이 국내 교량 공사에서 관수를 고의로 배제한 정황이 담겨있다. 2018년 디엘이 한국수자원공사로부터 수주한 송산 시화간 연결도로 중 시화호를 횡단하는 교량 공사에 대한 얘기다. 관수는 최근 진행된 교량 입찰에 참여하지도 못했다. 디엘 관계자는 관수에 ""잘 아시겠지만 처음 (이 공사 설계할 때부터) 관수를 생각하고 시작했잖나. 그런데 이번에 본사에서 아예 '관수는 제외다' 해가지고 ""라고 말했다. 또 다른 관계자는 ""본사하고 좀 푸셔야 될 것도 있잖나. 불가하다, 관수가 들어오기가 ""라고 말했다. 보복의 원인이 된 사건은 2019년으로 거슬러 올라간다. 디엘은 튀르키예 다르다넬스해협을 횡단하는 세계 최장 현수교인 차나칼레 대교를 건설에 참여하면서, 그간 국내에서 함께 공사를 진행해온 관수를 설득해 참여시켰다. 2021년 11월 마무리될 예정이던 공사가 2022년 10월에야 끝났고, 추가 투입된 공사비를 두고 양쪽 의견이 엇갈리면서 분쟁이 시작됐다. 지난해 디엘과의 한국공정거래조정원 조정절차가 시작됐으나 올해 7월 끝내 조정이 결렬됐고, 8월께 신고를 접수한 공정위는 현재 디엘의 행위가 공정거래법상 거래상 지위 남용 행위 금지 규정을 위반했는지 조사하고 있다. 관수의 주장은 차나칼레 대교 건설과 관련된 분쟁을 일으켰다는 이유로 디엘의 국내 공사 입찰에서 배제당하는 보복을 당했다는 것이다. 하도급법 제19조는 공정거래 조정신청 등을 했다는 이유로 원사업자가 수주기회를 제한하거나 거래 정지 등 불이익을 주는 보복조처를 금지하고 있다. 하지만 공정위는 디엘의 보복행위에 대해 하도급법을 적용하기 어렵다는 입장이다. 공정위의 답변서를 보면, ""DLSY JV(관수가 계약을 맺은 현지 조인트벤처)와 금번 신고 상대방인 디엘은 별개의 사업자로 확인돼, 관수와 디엘 간에는 하도급거래 관계가 성립했다고 볼 수 없다""고 답했다. 관수가 계약을 맺은 튀르키예 조인트 벤처는 디엘과 에스케이에코플랜트가 각각 튀르키예 현지에 설립한 법인 및 튀르키예 건설사 두 곳 등 총 4개사가 지분을 25%씩 나눠 가지고 있다. 공정위는 해외 조인트벤처인 계약 당사자와 보복의 주체(디엘)를 다른 사업자로 판단한 것이다. 유동호 관수이앤씨 대표는 엄연한 보복행위가 실재하고 보복 주체와 피해자 모두 국내업체로, 하도급법을 적용해달라고 공정위에 재차 요청하고 있다. 유 대표는 ""공정위가 든 사유로 보복조치 성립이 되지 않는다면 향후 해외사업에서 발생한 하도급 분쟁으로 국내에서 일어나는 보복행위를 당국이 방치하는 결과가 될 것""이라고 말했다."
24,2023-05-18T09:49:00,헤럴드경제,https://n.news.naver.com/mnews/article/016/0002144982?sid=102,사회,사회 일반,전남여수~경남남해 '해저터널' DL컨소시엄 수주,"올 하반기 착공 예정.종전 90분대에서 '10분내로' 단축  전라남도 여수시와 경상남도 남해군을 잇는 해저터널이 착공된다. 국토교통부는 여수 남해 간 해저터널 건설 사업 실시설계 적격자로 DL(대림)이앤씨 컨소시엄이 선정됐다고 밝혔다. 대형 건설사 3개사 가운데 적격자로 선정된 DL이앤씨 컨소시엄은 터널 본선 외에 남해군 북측으로 추가 연결로를 설치하는 설계를 제안해 가장 높은 기술 점수를 받아 낙점됐다. 해저터널 건설 사업은 연내 착공을 목표로 즉시 상세 설계에 착수할 계획이다. 이후 8년 간 바다 밑 터파기와 물막이 공사를 거쳐 2031년에는 개통될 예정이다. 여수 신덕동에서 남해군 서면까지 영 호남을 연결하는 총 8.085㎞(해저터널 5.76㎞)의 4차로 국도를 만드는 사업에 국비 6974억원이 투입된다. 해저터널이 개통되면 종전 1시간 30분대 이동거리에서 10분대로 대폭 줄어 들어 양 지역 인물적 교류가 활발해진다.  여수지역 관광객의 남해군 유입 효과가 예상되고, 남해 하동 군민들은 여수산단과 광양제철소 등으로 접근성이 좋아져 고용창출 효과도 기대된다.    기사를 더 보고 싶다면?          기사 섹션 분류 안내 이 기사를 추천합니다"
25,2023-05-31T18:13:00,한겨레,https://n.news.naver.com/mnews/article/028/0002642088?sid=102,사회,지역,6조3천억 성남 ‘백현마이스’ 사업 심사위원 명단 사전 유출 의혹,"총 사업비 6조3천억원에 이르는 경기도 성남시 '백현마이스 도시개발사업' 우선협상 대상자 심사 직전 예비 평가위원 명단이 사전 유출됐다는 의혹이 제기됐다. 판교테크노밸리 인근의 백현마이스 개발은 성남시 분당구 정자동 1번지 일대에 전시 컨벤션 센터와 복합업무시설(임대주택 포함), 오피스, 호텔 등을 조성하는 사업으로, 개발 면적이 서울 강남 코엑스의 1.4배에 이른다. 31일 성남시 등의 말을 종합하면, 성남도시개발공사는 이 사업 우선 협상 대상자 심사를 앞둔 지난 8~12일 토목 교통 도시 건축 등 8개 분야 평가위원 17명을 공개 모집했다. 공모에는 1210명이 응했다. 이후 공사는 159명을 평가위원 예비 후보로 추려 심사 당일인 25일 오전 이들을 대상으로 추첨한 뒤 최종 17명을 선정해 같은 날 오후 심사를 진행할 계획이었다. 그러나 민간사업자 공모에 참여한 한화컨소시엄 쪽이 심사를 이틀 앞둔 지난 23일 '예비 평가위원 명단이 사전 유출됐다'는 의혹을 성남시에 제기했다. 한화 쪽은 ""특정 업체로부터 로비를 받았다""고 주장하는 예비 평가위원들의 녹취록과 7명의 명단도 함께 제출했다. 뒤늦게 사실관계 파악에 나선 성남시와 공사는 의혹이 제기된 7명 가운데 5명이 '예비 후보군' 159명에 포함된 것을 확인했다. 하지만 시와 공사는 예비 후보군을 제외하지 않고 평가위원 전체 응모자 1210명을 대상으로 추첨을 해 최종 평가위원 17명을 선정하고 심사를 진행한 것으로 드러났다. 결국, 의혹을 제기한 한화는 사업을 수주하지 못했고 디엘(DL)이앤씨가 참여하는 메리츠증권 컨소시엄이 우선협상대상자로 선정됐다. 이와 관련해 성남시의회 이덕수 의원(국민의힘)은 31일 긴급 기자회견을 열어 ""공정성을 위해 평가위원을 공모하고 사전에 자격 검증을 완료한 뒤, 검증된 지원자 전체 명단에서 평가 당일 무작위로 뽑는 것이 일반적인데, 공사는 159명으로 미리 추렸다""며 ""(159명에 대해) 전방위 로비가 의심된다""고 주장했다. 그는 이어 ""제보자들의 말을 들어보면, 특정사로부터 '심의위원으로 등록하셨지요? 찾아뵙고 설명 좀 하겠습니다'라는 연락을 받았다고 한다""며 ""사전에 예비 평가위원 명단을 만든 것, 명단 유출 신고를 받고도 심사를 늦추거나 중단하지 않고 심사를 강행한 것 등 모든 것에 의구심이 든다""며 수사를 촉구했다. 이와 관련해 성남시는 ""절차상 문제가 있다면 필요한 조처를 하겠다""면서도 ""심사는 정상적으로 진행됐다""고 밝혔다. 한편, 이 사업은 민주당 소속의 전임 시장 때인 2020년 12월 확정됐고 2021년 하반기에 민간사업자 공모를 진행할 계획이었으나 대장동 개발 특혜 의혹이 불거지면서 차일피일 미뤄졌다. 이후 '개발사업의 조속한 정상화'를 공약으로 내건 국민의힘 소속 신상진 성남시장이 당선되면서 사업 재검토를 지시해 사업 추진이 중단됐다. 그러나 재검토 끝에 종전에 계획한 대로 추진하기로 했다. 신 시장은 지난 2월 새해 시민인사회에서 ""투명한 개발 방향과 사업 방법을 찾기 위한 공모지침 기준을 만든 후 올 상반기 내 사업시행자를 공모로 선정할 것""이라고 밝힌 바 있다. 기사 섹션 분류 안내 이 기사를 추천합니다"
26,2023-09-19T18:13:00,프레시안,https://n.news.naver.com/mnews/article/002/0002301285?sid=102,사회,사회 일반,내 아들 살려내라오열한 DL이앤씨 유족…눈물 닦아준 김용균 어머니,"김용균 어머니 ""왜 유족들이 진상규명을 위해 납작 엎드려 빌어야 하냐"" 민주노총과 생명 안전 후퇴 및 중대재해처벌법 개악 저지 공동행동(생명안전행동)이 19일 중대재해 근절을 위해 산업재해가 발생했던 주요 사업장에서 집회를 열겠다고 밝혔다. 이들은 DL이앤씨, SPC그룹 등을 시작으로 2박 3일간 순회 집회를 전개할 계획이다. 민주노총과 생명안전행동은 이날 서울 서대문구 DL이앤씨 사옥 앞에서 기자회견을 열고 ""중대재해 기업 엄정 처벌을 촉구하고 중대재해처벌법 50인(억) 미만 적용 유예를 연장하는 개악안을 비롯해, 윤석열 정권의 생명 안전 후퇴 개악을 저지하기 위한 투쟁을 전개 할 것""이라고 밝혔다. DL이앤씨는 단일업체로 최대 규모의 사망자가 발생한 기업이다. 지난해 3월을 시작으로 지금까지 7건의 중대재해가 발생했고 8명의 노동자가 숨졌다. 하지만 1건도 중대재해법으로 기소되거나 처벌받지 않았다. 지난 8월 11일에는 DL 이앤씨 재개발 공사 현장에서 창호교체 작업을 하다 20m 높이에서 떨어져 현장 노동자 강모 씨가 숨졌다. 숨진 강 씨의 어머니는 이날 회견에 참석해 ""내 아들 살려내라""고 오열했다. 그는 ""딸이랑 둘이서 매일 울음바다가 된다""며 ""버팀목이 없는데 앞으로 어떻게 살아가야 하나 싶다""고 한탄했다. 강 씨의 어머니는 ""어려운 가정에서 가난에 시달리며 힘들게 살았지만 꿈을 가지고 대학원 석사까지 나온 아들""이라며 ""DL이앤씨가 29살 아들을 한 순간에 빼앗아 놓고 사과 한 마디도 하지 않고 있다""고 눈물을 보였다. 충남 태안화력발전소에서 근무 도중 사망한 비정규직 노동자 고(故) 김용균 씨의 어머니인 김미숙 김용균재단 대표가 강 씨의 어머니를 안아주며 위로하기도 했다. 김미숙 대표는 ""지난달 사고를 당한 고인(강모 씨)은 제 아들과 같은 1994년생""이라며 ""몸도 성치 않으신 어머니가 만나자마자 '도와달라'며 무릎을 꿇고 두 손 잡고 애원하는 모습이 얼마나 절실한 몸부림인지 알기에 단박에 가슴이 메어왔다""고 말했다. 김 대표는 ""정부가 책임지지도 않는 사회적 참사를 겪은 유족들이 왜 진상규명을 위해 발길 닿는 곳마다 납작 엎드려 빌어야 하는지 잘 모르겠다""며 ""생명과 안전을 중시하고 해결할 의지를 보였다는 노동부의 말은 근거 없는 헛소리, 헛수작""이라고 분노했다. 강한수 건설산업연맹 노동안전보건위원장은 ""안전하고 좋아보이는 e편한세상 아파트를 짓는 과정은 너무나도 불편하다""며 ""강력범죄 처벌은 강화하겠다는 정부가 왜 유독 건설현장에서의 산재사망사고는 처벌 완화 이야기만 하는지 이해가 안 된다""고 지적했다. 이어 ""그것(미처벌)이 같은 기업에서 비슷한 형태의 사망사고가 발생한 근본 원인""이라고 지적했다. SPC 그룹도 비판의 도마에 올랐다. 민주노총과 생명안전행동은 이날 기자회견이 끝난 뒤 SPC 그룹 허영인 회장 고발 방침을 밝혔다. 이들은 ""허 회장을 중대재해처벌법 위반, 산업안전보건법위반 등 혐의로 고발하기로 했다""며 ""SPC의 잦은 사고는 생산성만 앞세우고 노동자 안전을 소홀히 하는 조직문화와 안전관리시스템 부재라는 구조적 결함의 결과로 보인다""고 지적했다. 특히 ""(SPC 그룹의 지배구조를 보면) 사실상 허 회장이 샤니 지분의 90.2%를 지배하는 구조""라며 ""경영책임자(허 회장)는 등기부상 대표이사로 국한되는 것이 아니라 실질적으로 사업을 대표하고 사업에 대한 의사결정을 내리는 권한을 가진 사람""이라고 말했다. 이어""샤니의 실질적 최종적인 의사결정권을 행사하는 허 회장을 입건해 조사해야 한다""고 말했다."
27,2023-09-05T14:01:00,지디넷코리아,https://n.news.naver.com/mnews/article/092/0002304091?sid=105,IT/과학,IT 일반,"유니티, APAC 인더스트리 서밋 전체 세션 공개","유니티 코리아 최초의 아시아 태평양(APAC) 지역 통합 행사 '유니티 APAC 인더스트리 서밋 2023(APAC 인더스트리 서밋)'의 전체 세션이 공개됐다. 다음달 5일 그랜드 콘티넨탈 서울 파르나스에서 진행되는 APAC 인더스트리 서밋은 국내외 다양한 분야 기업의 주요 인사와 유니티 내부 기술 전문가들이 나서 유니티의 핵심 기술을 활용해 성과를 낸 우수 사례와 인사이트를 공유하는 행사다. 대한민국은 물론 일본, 싱가포르 등 다른 APAC 국가에도 모든 세션이 유튜브 채널을 통해 생중계될 예정이다. 먼저 오프닝 노트에서는 유니티의 기술 전문가들이 나서 유니티의 최신 기술과 사례에 대해 전반적으로 소개한다. 클라이브 다우니 디지털 트윈 수석 부사장은 '디지털 트윈의 현재와 유니티가 그리는 미래 비전'을, 랄프 레오나드 하워드 유니티 에디터, 런타임 및 에코시스템 수석 부사장이 '개발자라면 미리 알아야 할 유니티 폴리스페이셜'을 주제로 강연한다. 이어 니코 페로니 유니티 AI 리서치 디렉터의 'AI가 산업과 디지털 트윈에 미치는 영향과 그 의미'김범주 유니티 APAC 애드보커시 리더의 '유니티 XR과 가능성 세션'이 진행된다. 유니티 국내외 파트너 기업 담당자들과 함께하는 다채로운 분야의 유니티 활용 성공 사례도 만나볼 수 있다. 분야별로 살펴보면 모빌리티 분야에서는 현대자동차그룹 싱가포르 글로벌 혁신센터 정홍범 대표가 유니티 디지털 트윈 기술을 활용해 현실의 스마트 팩토리를 디지털 세계로 그대로 옮긴 '메타 팩토리' 구축으로 공장 운영을 고도화하고 제조 혁신을 추진하고 있는 사례에 대해 오프닝 노트를 진행한다. 또한 유니티 전영재 솔루션 매니저는 '더 나은 차량 내 유저 경험'을 주제로 세션을 할 예정이다. 조선업 분야에서는 삼성중공업이 '유니티를 활용한 선박 플랫폼 구축 사례'를 주제로 유니티의 3D 콘텐츠 제작 및 온라인 다중 접속 구현 기능과 캐드(CAD) 모델 최적화 및 경량화 툴인 픽시즈(PiXYZ)를 활용해 구축한 세계 최초 선박 버추얼 플랫폼을 선보인다. 건설 분야에서는 DL 이앤씨가 유니티 최신 렌더링 기술을 활용해 구축한 주택 시각화 솔루션 디버추얼로 고객만족과 매출 상승을 이끌어낸 스토리를 소개한다. 또한 유니티 타케시 오시타 애드보킷이 일본 국토교통성의 도시 디지털 전환 사례인 프로젝트 플라토를 통해 실제 3D 도시 데이터를 활용한 풍경 렌더링 방법에 대해 설명한다. 의료 분야에서는 싱가포르 국립대학 의료시스템이 나서 임상 치료에서 MR 기술 애플리케이션을 활용해 환자 안전을 개선할 수 있도록 돕는 프로젝트에 대해 소개한다. 호주의 리미널 VR은 VR 기술을 신경심리학 발전에 활용한 방법에 대한 세션을 전개한다. 글로벌 국방 분야에서는 유니티 정부 및 항공 치프 아키텍트 폴 커밍스 박사가 인공지능(AI)과 기계 학습 시스템을 포함한 유니티 기술로 국방을 강화하는 방식을 변화시킬 수 있는지에 대한 사례를 선보인다. 이 밖에도 인도의 IT 서비스 기업 헥사웨어는 유니티와 AI로 엔터프라이즈 가치를 창출하는 방법을, 타타 엘렉시는 인더스트리 영역에서 구현하는 버추얼 환경은 무엇이 다른지에 대해 발표한다. 온마인드의 김형일 대표는 유니티 최신 기술을 활용해 극사실적 디지털 휴먼을 제작하는 과정을 설명한다. 유니티 APAC 김인숙 마케팅 부사장은 ""이번 행사는 AI, 디지털 트윈, VR, XR, 폴리스페이셜, 웨타 툴 등 유니티의 최신 기술들이 실제 산업현장에서 어떻게 활용되는지 생생하게 느낄 수 있는 흥미로운 세션들로 가득하다""며 ""워크플로 혁신을 꿈꾸는 개발자 여러분의 많은 참여 부탁드린다""고 말했다."
28,2023-01-10T13:10:00,헤럴드경제,https://n.news.naver.com/mnews/article/016/0002089003?sid=102,사회,사회 일반,전남여수~경남남해 '해저터널' 연내 착공된다,"관광객 일자리 교류 활발해질 듯.해저터널 공법 수출 타진  전라남도 여수와 경상남도 남해군을 바다로 잇는 해저터널(국도 77호선)이 올해 하반기 착공된다.  여수시(시장 정기명)에 따르면 해저터널 사업은 총사업비 6974억 원이 투입되는 국비사업으로 해저터널 5.93㎞ 포함 총 연장 7.31㎞4차로 도로가 신설되며 부산지방국토관리청 주관으로 추진된다. 지난 2021년 8월 예비 타당성 조사를 통과한 후 지난해 9월 조달청 대형공사 입찰공고를 거쳐 턴키(설계시공 일괄) 방식으로 입찰 진행 중이다. 입찰을 위한 사전심사 서류접수에는 DL(대림)이앤씨, 포스코건설, 롯데건설 3개사가 각각 컨소시엄을 구성해 입찰서류 제출을 위한 기본설계를 진행 중인 것으로 알려졌다. 오는 5월께 설계시공 적격자가 선정되면 하반기에는 본격적으로 착공에 들어가는데 해저터널 공법의 수출여부도 타진하게 될 전망이다. 광주전남연구원이 지난해 12월 발표한 해저터널 기대효과 분석 자료에 따르면 여수와 남해군을 오가기 위해서는 70분 가량이 소요됐으나 해저터널이 개통되면 10분내로 통행이 가능한 생활권으로 바뀐다.  이렇게 되면 여수와 남해 간 인적물적 교류가 활발해지고, 교통사고 저감과 정주여건 개선을 비롯해 전남동부와 서부경남 간 관광객 상호방문 등의 시너지 효과가 예상된다. 이와 함께 상당수 남해군민이 가까운 여수산단 일자리를 구하고, 여수시는 남해 하동군 등으로부터 부족한 인력을 공급 받아 일자리 여건 개선도 기대된다.   기사를 더 보고 싶다면?          기사 섹션 분류 안내"
29,2023-08-24T14:02:00,매일경제,https://n.news.naver.com/mnews/article/009/0005176915?sid=101,경제,부동산,"둔촌주공, 프리미엄에 강동구 ‘e편한세상 강동 프레스티지원’도 관심","서울 강남, 서초, 송파의 상승세에 이어, 강남4구라 불리는 강동구 부동산 시장이 5월 이후로 꾸준한 상승세를 기록하며 강남3구를 뒤따르고 있다. 특히 둔촌주공 재건축(이하 올림픽파크 포레온) 등 강동구 신축 단지들의 분양권, 입주권이 높은 가격에 거래가 되면서 신규 분양에 대한 기대감이 높아지고 있다. 국토교통부 실거래가에 따르면 올림픽파크 포레온 전용면적 84㎡는 지난 6~7월 사이 10층 이상 물건이 17억~19억원 수준에 거래가 이뤄졌다. 지난해 이 아파트 분양 당시 해당 면적의 일반분양 물량이 13억원 정도(10층 이상 기준)였음을 감안하면 6~7개월여 만에 5억~6억원가량 프리미엄이 붙은 셈이다. 부동산R114에 따르면 최근 3년(2020년~2022년) 사이 강동구에서 일반분양된 물량은 9121가구다. 연평균 3000여 가구인 셈이다. 하지만 이것도 올림픽파크 포레온(4859가구) 물량을 빼면 연평균 1000여 가구 수준에 불과할 만큼 서울 강동구 분양은 귀한 상황이다. 올해는 7월까지 기준, SH서울주택도시공사의 공공물량을 제외하고는 민간 물량에선 50가구 규모 이상, 브랜드를 갖춘 곳이 한 곳도 없다. 그만큼 신규, 브랜드 단지에 대한 공급 가뭄이 심하다. 현재 강동구 부동산 시장은 대규모 재건축 단지들의 일반분양이 대부분 마친 상태로 한강과 가까운 천호동 일대를 중심으로 천호재정비촉진지구를 비롯해 성내재정비촉진지구 등에서 정비사업이 추진 중이다. 특히 천호동은 지하철과 일대를 중심으로 백화점을 비롯해 다양한 상업시설까지 자리 잡고 있어 편리한 인프라를 갖추고 있다. 좋은 인프라를 갖췄지만 2020년 중흥S클래스 밀레니얼, 힐데스하임천호 등 727가구를 끝으로 약 3년여간 신규 공급이 없었다. 하지만 올해는 모처럼 새 아파트 분양 소식이 전해지고 있어 수요자들의 관심을 끌고 있다. DL 이앤씨가 천호동 일원 천호3구역 주택재건축 정비사업을 통해 짓는 'e편한세상 강동 프레스티지원은 재건축 사업으로 공급되는 만큼 향후 일대를 대표할 리딩 단지로 주목받고 있다. 단지는 이미 주변에 인프라가 잘 조성된 곳에서 신규로 공급되는 만큼 입지, 상품성 등에서 수요자들의 만족도가 높고 인기도 많아 향후 가격 상승 여력도 크기 때문이다. 'e편한세상 강동 프레스티지원'은 지하 3층지상 25층, 8개 동, 전용면적 44~115㎡ 총 535가구 규모로 이중 전용 44~84㎡ 중소형 면적 263가구가 일반분양된다. 단지는 지하철 5호선과 8호선 환승역인 천호역이 반경 450m 내 위치해 걸어서 약 8분이면 이용이 가능하다. 지하철을 이용해 서울 광화문 등 도심은 물론 여의도 업무지구로 이동이 쉽고 잠실에서는 한차례 환승을 통해 강남 중심업무지구로도 빠르게 이동할 수 있다. 한강공원을 도보로 이용할 수 있으며 천호공원이 단지 앞에 자리하고 있어 운동, 산책하기도 매우 쉽다. 일부 세대에서는 공원 조망도 가능하다. 이외에도 대중교통을 이용해 10분가량 이동하면 올림픽공원도 쉽게 이용할 수 있다. 주변에서 추진 중인 개발 환경도 호재다. 단지가 있는 천호재정비촉진지구(1~3구역)를 비롯해 천호(4,8구역) 성내(3, 5구역)재정비촉진지구 등에서 정비사업이 추진되고 있어 이 일대에 약 3400여 가구 규모의 새 아파트들이 들어서는 신흥 주거지가 만들어진다. 특히 천호3구역은 도시환경 개선을 목표로 강동구(2023년 4월 자료)에서 도로와 소공원 등의 기반 시설을 조성하며 소공원 지하에는 5레인 규모의 수영장도 설치할 계획에 있어 인근 주민들의 주거환경도 더욱 좋아질 전망이다. e편한세상 강동 프레스티지원은 메이저 건설사 DL이앤씨의 브랜드 파워에 걸맞게 실내 스크린 골프연습장, 피트니스 등의 운동시설과 키즈라운지, 개인 오피스, 스터디 카페 등의 교육시설, 라운지 카페 작은 도서관, 런드리 라운지, 게스트하우스 같은 편의시설을 갖추며 AI 주차유도시스템, 법적 의무 설치 기준(5%)보다 2배 많은 전기차 충전시설 등을 마련해 주차 편리성도 높여 준다. 한편, e편한세상 강동 프레스티지원의 주택전시관은 강동구 상일동에 마련될 예정이다."
30,2023-05-19T15:51:00,헤럴드경제,https://n.news.naver.com/mnews/article/016/0002145796?sid=102,사회,사회 일반,여수-남해 해저터널 조기착공 염원 친선교류,"양 지역 번영 염원  전남 여수시와 경남 남해군을 잇는 해저터널 조기착공 및 성공 염원 친선교류 행사가 19일 남해군 스포츠파크 야외조각공원에서 열렸다.  이번 행사는 여수시 남해군 해저터널 조기착공을 염원하기 위해 마련됐으며, 지난 2022년 여수시와 남해군이 동반성장을 위한 자매결연 후 반년만의 재회다.  이날 행사에는 정기명 여수시장과 장충남 남해군수, 여수 남해해저터널 추진위원회 관계자, 양 기관의 사회단체 대표들과 간부 공무원 등 170여명이 참석했다. 행사는 '친선화합 퍼포먼스''해저터널 유공자(여수 안규철, 남해 이철세) 감사패 수여' 등 1부 교류행사와 '해저터널 예정지 시찰' 등 2부 현장 탐방 등으로 진행됐다.  정기명 여수시장은 인사말을 통해 ""여수에서도 일레븐브릿지를 섬박람회 개최에 맞춰 개통하기 위해 다양한 경로를 통한 건의 등 건설에 박차를 가하고 있다""며 ""여기에 해저터널이 더해진다면 남해안권 전체를 아우르는 엄청난 시너지 효과가 나타날 것으로 기대된다""고 밝혔다.  여수 남해 해저터널은 여수 신덕동에서 남해 서면까지 영 호남을 연결하는 총 8085㎞(해저터널 5.76㎞)의 4차로 국도를 만드는 사업으로 최근 국토교통부는 실시설계 적격자로 DL(대림)이앤씨 컨소시엄을 선정했다.  국비 6974억 원이 투입되며, 2031년 개통 예정이다. 해저터널이 개통되면 양 지역 통행 시간이 종전 1시간30분 대에서 10분 이내로 대폭 단축된다.  개통 이후 여수지역 관광객의 남해군 유입 효과가 예상되고, 남해 하동 군민들은 여수산단과 광양제철소 등으로 접근성이 좋아져 산단 고용 창출 효과도 기대된다.   기사를 더 보고 싶다면?          기사 섹션 분류 안내 이 기사를 추천합니다"
31,2023-10-23T16:44:00,한국경제,https://n.news.naver.com/mnews/article/015/0004905619?sid=102,사회,노동,"'중대재해 최다 발생' DL그룹 회장, 국감 불출석 사유서 제출","중대재해처벌법 시행 이후 최다 중대재해 발생 사업장이란 오명을 쓰고 있는 DL(디엘) 이앤씨가 속한 DL그룹 이해욱 회장이 국회 환경노동위원회의 국정감사 출석 요구에 대해 불출석 사유서를 제출한 사실이 확인됐다. 국회 환경노동위원회에 따르면 이 회장은 23일 국회 환노위에 고용노동부 종합감사에 불출석한다며 사유서를 제출했다. 국회 환노위는 지난 19일 전체회의에서 이 회장을 오는 26일 열리는 종합감사 증인으로 추가 채택한 바 있다. 이 회장은 '불출석 사유서'에서 지난 8월부터 계획됐던 해외 순방을 사유로 들었다. 비행기표 사본을 첨부한 이 회장은 ""지난 8월 러시아 모스크바를 방문해 사업 지속성에 대한 논의와 점검을 진행했고 이후 10월 초까지 두바이에 방문해 해외 화학에너지 개발사들과 해외 사업기회를 논의했다""며 ""6일부터 미국에 체류하고 있으며 23일 미국 연방정부의 해상운송 감독기관을 만나 파나마 항만 사업에 참여하는 계획을 논의하고 있다""고 밝혔다. 이어 ""DL이앤씨가 시공한 건설현장에서 연이어 발생한 중대재해 관련해 송구스러운 마음을 전해 드린다""며 ""그룹 전체가 합심해 안전한 사업장 조성을 위해 쇄신할 것""이라고 말했다. 지난해 1월 27일 중대재해법 시행 이후 DL이앤씨 소속 사업장에서는 중대재해가 7건 발생해 노동자 8명이 숨졌다. 단일 업체 단위로는 가장 큰 규모다. 이 때문에 DL이앤씨 전국 사업장 79곳은 올해 7월 노동부로부터 일제 감독을 받았다. 감독 결과 61곳(77.2%)에서 법 위반사항이 209건 적발됐다. 이정식 고용부 장관도 ""시공능력순위 3위 업체로서 중대재해 예방에 모범을 보여야 할 디엘이앤씨에서 반복적으로 사망사고가 발생하는 것은 용납할 수 없는다""며 ""사고에 대한 책임을 엄정하게 묻고 개선결과를 계속 확인하겠다""고 경고한 바 있다."
32,2023-09-20T09:19:00,문화일보,https://n.news.naver.com/mnews/article/021/0002595148?sid=101,경제,산업/재계,"한국 딜로이트 그룹, ‘딜로이트 글로벌 건설강자’ 리포트 발간","글로벌 건설 시장이 거시경제 여건 악화로 성장세 회복에 어려움을 겪고 있으나, 신흥국 중심 프로젝트와 선진국의 그린 에너지 전환 등이 새로운 성장 동력으로 주목받고 있다고 한국 딜로이트 그룹이 20일 밝혔다. 한국 딜로이트 그룹(총괄대표 홍종성)은 글로벌 건설 시장 현황 분석과 도전 과제 및 2022년 기준 상장된 매출 상위 기업의 전략과 실적을 분석한 '딜로이트 2022 글로벌 건설강자(Global Powers of Construction 2022)' 리포트를 발간했다. 리포트에 따르면 2023년 글로벌 건설 시장 성장률은 1.9%로, 전년(1.3%)에 비해 성장 속도가 소폭 증가할 것으로 예측되지만, 여전히 이전과 같은 성장세를 회복하지 못하고 있다. 다만, 중 장기적 관점에서 글로벌 건설시장 규모는 2022년 기준 9조7000억 달러에서 2037년까지 13조9000억 달러로 확대될 전망이다. 당장은 각국 정부의 엔데믹 후 경제 회복 정책으로 진행되는 대규모 국책 인프라 사업이 성장 요소로 기대되며, 중장기 성장 동력은 디지털화와 탄소중립에 따른 대규모 인프라 투자가 될 것으로 예상된다. 2022년 글로벌 Top 100 매출액 전년대비 6.3% 증가한 1조9399억 달러, 시가총액은 14.9% 감소 다만, 글로벌 불확실성 등의 영향으로 100대 기업의 전체 시가총액은 전년 대비 14.9% 감소한 것으로 나타났다. Top 30 시가총액은 10.1% 줄어 상대적으로 완만한 감소율을 보였다. 상위 100대 기업에 가장 많은 기업을 등재한 곳은 유럽으로 41개 기업이 글로벌 Top 100에 등재됐으며, 그 다음은 일본(14개), 미국(13 개 ), 중국(11 개 ) 순으로 나타났다. 중국 기업은 가장 적게 등재됐음에도 불구하고 글로벌 Top 100 기업의 전체 매출액 중 54%를 차지했으며, 글로벌 상위 매출 10곳 중 8개 건설사 국적이 중국인 것으로 나타났다. 전체 매출액 대비 지역별 비중 순서는 유럽(20%), 일본(10%), 미국(8%) 순으로 집계됐으며, 우리나라의 경우 4%를 차지해 전년과 비슷한 점유율을 유지했다. 앞서 2021년 글로벌 Top 100에 등재됐던 국내 7개 기업(삼성물산, 현대건설, 두산, GS건설, 대우건설, DL 이앤씨, HJ 중공업 순)들은 2022년에도 Top100에 재진입했다. 이들 국내 기업의 매출액은 전년대비 평균 8.3% 증가했지만, 금리인상과 글로벌 불확실성 증가 등으로 인해 시가총액은 최소 10.4% 최대 49.4% 감소했다. 삼성물산의 매출액은 전년대비 11% 증가했지만 시가총액은 10.4% 감소하며 2021년 조사 대비 2단계 낮은 15위를 기록했다. 삼성물산의 2022년 총 매출액은 약 334억1300만 달러로  에너지, 자원 및 산업소재 155억 달러  리조트 사업 45억 달러  중동, 아시아, 오세아니아 지역 매출 73억 달러  패션부문 17억 달러로 나타났다. 현대건설은 23위를 유지하며 전년 대비 매출은 4.2% 증가했지만 시가총액은 25.6% 감소했다. 현대건설의 경우 해외매출 비중이 39%에 달하며 비유럽 건설사 중 국제화 전략이 가장 활발한 것으로 나타났다. 다만, 유럽 기업의 해외 매출 비중이 61%를 차지한 점과 Top100 건설사 중 6개 기업이 사업 다각화 전략이 활발히 진행되는 부동산 사업을 통해 전체 매출을 주도한다는 점에서 국내 기업의 국제화 및 포트폴리오 다각화 전략이 필요한 것으로 나타났다. 기준금리 상승, 추가 인플레이션 압력, 지정학적 리스크 등 글로벌 불확실성은 글로벌 건설업계에도 지속적으로 작용할 것으로 예상된다. 다만, 디지털화와 탄소중립 실현을 위한 통신망, 데이터 센터, 배터리 및 전기차 공장 등 대규모 인프라 투자는 중장기적 관점에서 글로벌 건설산업의 성장을 주도하는 핵심 요인으로 기대되고 있다. 이를 위해 글로벌 기업들은 현재 직면한 도전과제에 대한 선제적 대응이 필요한 상황이다. 우선, 빌딩정보모델링(BIM), 센서 및 드론 활용, 디지털 트윈 등 첨단 기술을 활용한 수익성 개선에 나서야 한다. 여기에, 지속적인 건설비용 및 인건비 상승 등 인플레이션 대응 전략과 환경 사회 거버넌스(ESG) 전반에 대한 준비가 필요한 것으로 지적됐다. 젊은 세대에게 건설산업이 매력적으로 보일 수 있도록 지속적인 인력관리가 수반되어야 하고, '프리콘'(Pre con) 방식과 같은 계약 이행 가이드라인을 사전에 수립돼야 한다는 분석 나왔다. 공공 재정 상황 악화 영향에 따라 민관협력 필요성이 대두되는 상황에서 정부와 민간 기업은 적절한 리스크 분배와 안정적이고 예측 가능한 규제 프레임워크를 모색할 필요가 있다는 지적도 나왔다. 한편 '딜로이트 글로벌 건설강자' 리포트 전문은 딜로이트 홈페이지(Link) 혹은 딜로이트 인사이트 앱(iOS Android)을 통해 확인할 수 있다."
33,2023-09-20T09:31:00,조세일보,https://n.news.naver.com/mnews/article/123/0002316220?sid=101,경제,경제 일반,"글로벌 건설 시장 규모, 2037년 13.9조 달러로 성장할 것","글로벌 건설 시장이 거시경제 악화로 성장세 회복에 어려움을 겪고 있으나, 신흥국 중심 프로젝트와 선진국의 그린 에너지 전환 등이 새로운 성장 동력으로 주목받고 있다. 한국 딜로이트 그룹(총괄대표 홍종성)은 글로벌 건설 시장 현황 분석과 도전 과제 및 2022년 기준 상장된 매출 상위 기업의 전략과 실적을 분석한 '딜로이트 2022 글로벌 건설강자(Global Powers of Construction 2022)' 리포트를 발간했다고 20일 전했다. 리포트에 따르면 2023년 글로벌 건설 시장 성장률은 1.9%로, 전년(1.3%)에 비해 성장 속도가 소폭 증가할 것으로 예측되지만, 여전히 이전과 같은 성장세를 회복하지 못하고 있다. 다만, 중장기적 관점에서 글로벌 건설시장 규모는 2022년 기준 9.7조 달러에서 2037년까지 13.9조 달러로 확대될 전망이다. 당장은 각국 정부의 엔데믹 후 경제 회복 정책으로 진행되는 대규모 국책 인프라 사업이 성장 요소로 기대되며, 중장기 성장 동력은 디지털화와 탄소중립에 따른 대규모 인프라 투자가 될 것으로 예상된다. 2022년 글로벌 Top 100 매출액 전년대비 6.3% 증가한 1조9399억 달러 시가총액은 14.9% 감소 2022년 기준 글로벌 Top 100에 등재된 기업의 총 매출액은 1조 9,399억 달러로 전년 대비 6.3% 증가했다. 다만, 글로벌 불확실성 등의 영향으로 100대 기업의 전체 시가총액은 전년 대비 14.9% 감소한 것으로 나타났다. Top 30 시가총액은 10.1% 줄어 상대적으로 완만한 감소율을 보였다. 상위 100대 기업에 가장 많은 기업을 등재한 곳은 유럽으로 41개 기업이 글로벌 Top 100에 등재됐으며, 그 다음은 일본(14개), 미국(13 개 ), 중국(11 개 ) 순으로 나타났다. 중국 기업은 가장 적게 등재됐음에도 불구하고 글로벌 Top 100 기업의 전체 매출액 중 54%를 차지했으며, 글로벌 상위 매출 10곳 중 8개 건설사 국적이 중국인 것으로 나타났다. 전체 매출액 대비 지역별 비중 순서는 유럽(20%), 일본(10%), 미국(8%) 순으로 집계됐으며, 우리나라의 경우 4%를 차지해 전년과 비슷한 점유율을 유지했다. 삼성물산과 현대건설, 국내 기업 중 글로벌 Top 30 진입 국제화 사업 다각화가 선결과제 앞서 2021년 글로벌 Top 100에 등재됐던 국내 7개 기업(삼성물산, 현대건설, 두산, GS건설, 대우건설, DL 이앤씨, HJ 중공업 순)들은 2022년에도 Top100에 재진입했다. 이들 국내 기업의 매출액은 전년대비 평균 8.3% 증가했지만, 금리인상과 글로벌 불확실성 증가 등으로 인해 시가총액은 최소 10.4% 최대 49.4% 감소했다. 삼성물산의 매출액은 전년대비 11% 증가했지만 시가총액은 10.4% 감소하며 2021년 조사 대비 2단계 낮은 15위를 기록했다. 삼성물산의 2022년 총 매출액은 약 334억 1,300만 달러로  에너지, 자원 및 산업소재 155억 달러  리조트 사업 45억 달러  중동, 아시아, 오세아니아 지역 매출 73억 달러  패션부문 17억 달러로 나타났다. 현대건설은 23위를 유지하며 전년 대비 매출은 4.2% 증가했지만 시가총액은 25.6% 감소했다. 현대건설의 경우 해외매출 비중이 39%에 달하며 비유럽 건설사 중 국제화 전략이 가장 활발한 것으로 나타났다. 다만, 유럽 기업의 해외 매출 비중이 61%를 차지한 점과 Top100 건설사 중 6개 기업이 사업 다각화 전략이 활발히 진행되는 부동산 사업을 통해 전체 매출을 주도한다는 점에서 국내 기업의 국제화 및 포트폴리오 다각화 전략이 필요한 것으로 나타났다. 디지털화 탄소중립에 따른 대규모 인프라 투자가 중장기적 성장 주도 기준금리 상승, 추가 인플레이션 압력, 지정학적 리스크 등 글로벌 불확실성은 글로벌 건설업계에도 지속적으로 작용할 것으로 예상된다. 다만, 디지털화와 탄소중립 실현을 위한 통신망, 데이터 센터, 배터리 및 전기차 공장 등 대규모 인프라 투자는 중장기적 관점에서 글로벌 건설산업의 성장을 주도하는 핵심 요인으로 기대되고 있다. 이를 위해 글로벌 기업들은 현재 직면한 도전과제에 대한 선제적 대응이 필요한 상황이다. 우선, 빌딩정보모델링(BIM), 센서 및 드론 활용, 디지털 트윈 등 첨단 기술을 활용한 수익성 개선에 나서야 한다. 여기에, 지속적인 건설비용 및 인건비 상승 등 인플레이션 대응 전략과 환경 사회 거버넌스(ESG) 전반에 대한 준비가 필요하다. 젊은 세대에게 건설산업이 매력적으로 보일 수 있도록 지속적인 인력관리가 수반되어야 한다. 또한, '프리콘'(Pre con) 방식과 같은 계약 이행 가이드라인을 사전에 수립해야 한다. 이와 같은 새로운 계약 모델 개발은 글로벌 수준에서 더욱 활성화되어야 한다. 뿐만 아니라, 공공 재정 상황 악화 영향에 따라 민관협력 필요성이 대두되는 상황에서 정부와 민간 기업은 적절한 리스크 분배와 안정적이고 예측 가능한 규제 프레임워크를 모색해야 한다. 이종우 한국 딜로이트 그룹 에너지, 자원 및 산업소재(ER I) 섹터 리더는 ""엔데믹으로 예상된 글로벌 건설경기 회복은 기준금리 인상, 지정학적 리스크, 인플레이션 등 다양한 불확실성 요소로 실현되지 못한 상황""이라면서 ""국내 건설업 관계자분들이 이번 리포트를 통해 글로벌 건설강자들의 현황과 시장 상황을 객관적으로 이해하고 인사이트를 얻는 기회가 되었으면 좋겠다""고 말했다."
34,2023-07-24T21:55:00,이데일리,https://n.news.naver.com/mnews/article/018/0005536886?sid=102,사회,사회 일반,[미리보는 이데일리 신문]부실 1533억 늘 때 충당금 382억만 적립,"다음은 25일자  신문 주요 뉴스다.  1면  부실 1533억 늘 때 충당금 382억만 적립  ""부산엑스포 유치, 글로벌 중추국가로 도약할 계기""  노인의 사회적 역할 재설정  정부 연구소 세워 함께 고민  포스코홀딩스, 철강 배터리소재 업고 '훨훨'  양평고속도로 자료 투명 공개  소모적 정쟁 더는 없어야  국민 눈 아랑곳 않는 의원 외유, 이런 게 진짜 적폐다  밥상물가 비상  추석엔 어쩌나, 장보기 무섭다  곡물 우유 기름값 들썩  정부, 물가 관리 총력전  위기의 새마을금고 1294곳 전수분석  10% 육박한 건설 부동산업 연체율에  인천에서만 위험수위 금고 8곳  금융당국은 3년 전부터 경고  무시한 새마을금고  행안부 금융위, 신용사업 감독관 이관론 재부상  종합  단기 성과에 치우친 증권사  부동산PF 부실에도 '성과급 파티'  尹이르면 이번주 이동관 지명  내달 방미전 2차개각 마무리할 듯  코로나때 늘어난 저축 100조 어디로  ""경기 완충역할"" vs ""금융불안 요인""  교육부, 학부모가 교사에게 직접 따지는 '민원' 막는다  연중기획 대한민국 나이듦  돈 없는 치매노인도 요양시설 입주  ""국가가 보살펴준다"" 신뢰 굳건  ""경제 지원 넘어 건강한 삶 총체적 관리""  '나이듦' 대비하려면  노인 목소리에 귀기울여야  정치  양평고속道 자료 공개 후폭풍  與 '사업 재추진' vs 野 '국조 불가피'  과방위원장 자리 건 장제원의 배수진 통할까  K방산 '큰손' 폴란드 대통령, 내달 방한  與 '제2 텃밭' 경기북부, 몸푸는 여의도 청년들  '수해 중 출장' 野의 내로남불  경제  위험 발굴 직원에 포상 주니, 참여율 '쑥' 사고 '뚝'  ""무료 구인기간 줄이고 가격 담합""  알바몬 알바천국에 과징금 26억  시스템반도체 육성하려면, 설계 후공정 함께 키워야  ""쌀 때 사두자""  지난달 엔화예금 '역대 최대 폭' 증가  금융  보험사들 '금리 매력, 수요 높아' 후순위채 발행 나선다  3대 지방금융지주 1분기 이어 2분기 실적도 '주춤'  '건전성 비상' 5대 은행, 상반기만 부실채권 2.2조 털었다  이복현, 日금융청 장관 만나  금융감독 셔틀미팅 재개 제안  글로벌  ""美부동산보다 니켈""  신흥국으로 발돌린 차이나 머니  中경기둔화 우려에 민간투자 활성화 총력  日초저금리 매력  버크셔 대한항공 엔화채권 발행  ""무기 훈련부족  우크라, 대반격 교착상태""  산업  철강 정상화, 양극재 성장궤도  실적 양날개 편 '포스코홀딩스'  폐어망 열분해유 나프타  바다쓰레기가 보물로  삼성SDI, 스텔란티스와 美 배터리 2공장 건설  2027년 가동  기아 EV6 제네시스 GV60  獨전기 SUV 평가서 ""엄지척""  현대글로비스, 車운반트럭 운전사 사고 막는다  산업  '돈되는' 패션 뷰티로 영역 넓히는 컬리 쿠팡  한일도 시멘트값 올린다  업계 '인상 릴레이' 촉각  ""수신료 납부는 국민 선택"" ""원점서 재논의해야""  ""눈속임 상술 규제, 지금도 충분  추가 규제땐 산업 위축""  제약 바이오  ""美서 하나뿐인 설비 갖춰  빅파마도 부러워해""  ""화순공장, 글로벌 백신생산 거점 부상  WHO 글로벌캠퍼스와 시너지 기대""  바이오시밀러 선두주자, 연매출 1조 돌파 눈앞  업테라, 100억 해외 투자 유치  항암신약 개발 가속  증권  변동성 줄이고 성장성 챙겼다  배터리 소재ETF 개미 유혹  횡령 배임사건 이달만 4곳  코스닥 투자자는 웁니다  부동산 부실 경고음에도  PF 대출 늘린 한투 메리츠  증권  반도체 배터리 소 부 장  중소형株의 시간 온다  '베테랑' 운용사 중용 속  신생사 파격 발탁 움직임도  상반기 글로벌 세컨더리 딜 25%↓  ""하반기엔 늘어날 것""  ""데이터센터 종합 솔루션 제공, 글로벌 팹리스 기업으로 도약""  부동산  기업형 오피스텔, 2030 자취족에 인기몰이  폭염 폭우에 숨고르기  서울 아파트 매매 전셋값 제자리  DL 이앤씨, '부산 중동5구역 주택재개발' 시공  수주액 1조 돌파  '우크라이나 재건' 1차 협력단 내달 파견  문화  수천년 걸쳐 발효된 국악, 한번 맛보면 빠져나올 수 없죠  무서운 장면 없는데 소름 쫙  매일 새벽 '2시22분'에 무슨 일이  다시 읽는 쿤데라, 베스트셀러 재진입  스포츠  '283야드 단타자' 하먼, 디 오픈 깜짝 우승  이정후, 발목 수술 받는다  항저우AG 출전 사실상 무산  센강서 개회식, 에펠탑서 비치발리볼  '우상혁 라이벌' 해리슨, 바르심 꺾고 남자높이뛰기 우승  가 만났습니다  '부산엑스포, 마 함 해보입시더' 최동원 정신으로 막판 역전 드라마 쓸 것  ""尹대통령 기업총수들 전폭 지원에 한국 지지하는 나라 늘었죠""  피플  남은 열정 'G3 대한민국' 밀알되는 데 쓰겠다  ""흉악범 AI 판사 판결땐  더 낮은 형량, 더 많은 불만 나올 것""  코오롱그룹, 전국 8개 사업장서 릴레이 헌혈 캠페인  신한카드, 특별재난지역 영세가맹점에 수수료 면제  태광그룹 일주학술문화재단, 대학생 56명에 장학금  김형준 중앙대병원 교수, 보건복지부장관 표창 수상  ""수해 피해 복귀위해 써달라""  고려아연, 성금 5억원 기탁  오피니언  김봉진 의장을 혐오하는 사람들에게  과잉정책 시대의 함정  ESG 공시 논란  '애정남'이 필요하다  고현정 '빗속에서'  전국  '양평고속도로' 양평군 공무원에 칼 뺀 경기도  '감사 갈등' 우려  '반도체 특화단지' 고배 든 대전  '자체 육성' 실효성 미지수  고양시 '주거용 오피스텔' 난립에 규제 시급  사회  ""참사때마다 책임 떠안아  경찰이 동네북인가""  법정 서는 이화영  '오락가락 진술' 경위 밝힐까  이상민 장관 파면 vs 복귀  '이태원 참사 책임' 결론은  마스크 전면해제 앞두고  코로나 확진 4만명으로↑  한화진 장관 ""극한홍수 대비  형산강 정비할 것""  인도에 車 1분만 세워도  내달부터 과태료 4만원 기사 섹션 분류 안내 이 기사를 추천합니다"
35,2023-10-30T16:26:00,프레시안,https://n.news.naver.com/mnews/article/002/0002305861?sid=102,사회,사회 일반,건설현장에선 매년 세월호가 침몰합니다,"처음 만들어진 건설노동자의 분향소   유례없는 탄압보다 산재가 힘들다 고(故) 김다운 전기 노동자를 기억하십니까? 2021년 11월, 결혼을 앞둔 38살의 건장한 청년 노동자가 전봇대 위에서 감전이 돼 불에 타들어 갔습니다. 사고가 난 후 2년 정도 지나왔는데, 검찰에선 산업안전보건법상 한전도 죄가 없고, 일 시킨 업체도 죄가 없다고 합니다. 이런 억울한 일들이 비일비재합니다. 건설사들은 으레 재해로 인한 형량은 본인들이 정하는 거라고 말해 왔습니다. 일용직  기간제 특수고용직 등 '비정규직 백화점'이라 일컫는 건설 현장의 노동자들이 건설사들을 상대로 싸우는 건 쉽지 않았습니다. 건설노동자들의 잇따른 죽음 10월 27일이면 전기 노동자 정해진 열사가 ""근로기준법을 준수하라""며 자신의 몸에 불을 당긴 날입니다. 2007년 제가 막 노동조합에 들어왔을 때 벌어진 일이었습니다. 그 다음 해에 이철복 철근 노동자가 밀린 돈 달랬다가 현장 소장한테 맞아 죽었습니다. 2008년, 기름값이 미친 듯이 올랐던 때에 생활고에 시달리던 김상만 노동자가 자신의 덤프트럭 적재함을 들어 올려 목을 맸습니다. 2009년 한 레미콘 공장에선 사측이 만들어놓은 노노갈등이 극에 달했고, 하재승 노동자가 칼부림 속에 죽었습니다. 그때마다 건설노조는 동지들이 가는 길이라도 외롭지 않게 노동조합 장례를 치렀습니다. 그리고 노동조합 동지들은 제사용품을 불태웠습니다. 죽은 이들의 원통함을 달래다가는 끝이 없겠다고, 차라리 싸우자고. 그래서 조합원 수가 1만이 조금 넘던 건설노조는 올해 초 8만에 가까운 조직으로 확대했습니다. 그간 임금도 올려봤고, 체불 방지 법제도도 만들어봤습니다. 유례없는 노조 탄압보다 산재가 힘들다 지금 우리는 유례없는 노조탄압을 당하는 중입니다. 2천명이 넘는 조합원이 경찰조사를 받고 있고, 20명이 넘게 옥살이를 하는 중이며, 100여 차례가 넘게 노동조합 사무실과 자택 압수수색을 당하고 있습니다. 그 와중에 고 양회동 열사가 '정당한 노조 활동에 검찰 조사는 노동자의 자존심이 허락하지 않는다'며 목숨을 내놓았습니다. 어려운 상황입니다. 하지만 노동조합 탄압하는 거, 어제오늘 일도 아닙니다. 매번 그래왔듯이 이번에도 어떻게든 이겨낼 겁니다. 한편으로는 보수 경제 매체에서 대문짝만하게 실리던 전교조, 금속노조만큼 건설노조도 컸구나 하고 생각합니다. 그런 노동조합에서도 산업재해만큼은 참 어려운 일이었습니다. 어떻게 노동재해를 없앨 수 있을지 답답합니다. 건설현장에서 사망사고가 나면 으레 '작업자 과실'이란 말이 따라옵니다. 안전모를 안 써서, 미숙해서, 초보라서.화재사고가 나면 노동자 담뱃불부터 의심했습니다. 2014년 고 김성기 타워크레인 노동자가 현장에서 죽었을 때도 그랬습니다. 김성기 노동자는 타워크레인의 키를 높이는 텔레스코핑 작업 중 장비가 전복돼 돌아가셨는데, 부품 결함이 있었습니다. 그런데 사고 후 되레 재해 원인이 타워크레인 조종사 작업자 과실이란 이야기가 흘러나왔습니다. 의아한 상황이었는데, 3년 후 왜 그랬는지 알게 됐습니다. 2017년 그 현장에서 일했던 원청 건설사 안전담당자가 노동조합을 찾아왔습니다. 본인이 산업안전관리비를 유용했다고 고백했습니다. 산업안전보건관리비는 전 세계에서 우리나라 건설업에만 적용되는 사항입니다. 건설사들이 하도 안전 비용을 지출하지 않아 공사대금 중 2~3% 정도는 안전보건 관련 비용으로 책정하는 겁니다. 이 돈으로 안전벨트, 추락방지시설, 안전관리자 임금 등을 지급하도록 돼있습니다. 그런데 이 내부고발자인 원청 건설사 안전담당자는 사고 이튿날부터 고용노동부 경기지청, 산업안전보건공단, 수원남부경찰서, 경기지방경찰청, 국립과학수사연구원 담당자들을 만났습니다. 고용 등에게 그간 정기적으로 안전관리비에서 비자금(수고비)을 건네 온 터였습니다. 그러면서 기계 결함은 수면 아래로 내려앉았고, '노동자 과실'이 사고의 주된 원인이 되어갔습니다. 당시 원청 건설사가 신고를 받고 출동한 119를 그냥 돌려보내, 사고 직후 어떻게든 캐빈(조종석) 밖으로 탈출하려 했던 고 김성기 노동자를 살려낼 수 있는 골든타임을 놓쳤습니다. 그러한 사실들도 기억에서 사라져 갔습니다. 10년 전이나 지금이나 건설현장은 매한가지입니다. 디엘이앤씨의 연이은 산재사망, 정부는.고용노동부는 디엘(DL)이앤씨 압수수색 후 '사측이 산업안전보건관리비를 적절하지 않게 썼다'고 발표한 바 있습니다. 특히 디엘이앤씨에서 중대재해처벌법 제정 이후 처음 발생했던 GTX 중대재해에서도, 사측은 사고 직후 119를 바로 부르지 않고 30분을 지체했습니다. 지정병원을 알아보느라 골든타임을 놓친 겁니다. 지정병원은 종종 산재 은폐의 수단이 되곤 합니다. 해당 사고에 대한 언론보도에 따르면 육중한 전선 드럼 일을 하려면 크레인 같은 장비를 써야 했는데, 그러지 않아서 사고가 난 것으로 추정됩니다. 자칫 전선드럼이 굴렀더라면 더 많은 사상자가 발생할 수도 있었던 상황이었습니다. 안전에 대한 관리감독 부실은 물론, 디엘이앤씨의 현장에선 물량도급, 불법도급으로 인한 무리한 공사가 횡행했을 것입니다. 안양에서 타설 노동자가 펌프카 붐대에 맞아 사망한 재해 역시 그렇습니다. 그 넓은 현장에 펌프카를 두 대 이상 불렀어야 했을 텐데, 한 대로 작업 중이었습니다. 그러다 보니 하중이 쏠려 콘크리트를 쏘아 올리는 붐대가 부러졌을 것입니다. 그런데도 '건설현장은 원래 그래'라고 말합니다. 건설현장은 원래 위험한 곳이고, 다만 디엘이앤씨가 운이 없었던 것일까요. 세월호 이후 우리는 안전 재해의 구조적 모순을 직시하고 있습니다. 건설현장에는 매년 세월호가 침몰합니다. 1년이면 400명, 500명의 건설노동자가 현장에서 목숨을 잃습니다. 거의 대부분 숫자로만 남는 무명씨의 죽음입니다. 건설노동자들의 산재는 분향소조차 없었다 2016년 구의역 김군 재해가 있은 지 얼마 안 된 때였습니다. 장안철교 공사 현장으로 첫 출근을 했던 29살 노동자가 추락사했고, 해당 현장에 분향소가 차려졌습니다. 한 시민단체 활동가가 건설노동자도 추모해야 한다며 꽃을 놓으면서 다리 밑은 작은 추모 공간이 됐습니다. 건설노동자의 죽음에 꽃이 놓인 건 처음 있는 일이었습니다. 그리고 지금, 시민단체들과 함께 그럴싸한 분향소를 차렸습니다. 디엘이앤씨 건설일용하청노동자 고 강보경 씨의 죽음을 기리는 분향소입니다. 건설노동자의 죽음에 시민대책위가 만들어지고, 또 분향소가 차려진 건 처음 있는 일입니다. 고 강보경 노동자와 같은 사고가 일어나지 않도록, 우리는 공개 사과를 받고 재발방지대책을 받아 내야겠습니다. 그리고 디엘이앤씨에서 산재로 사망한 또 다른 7명의 이름을 찾을 수 있으면 좋겠습니다. 중대재해처벌법이 시행되고 난 1년 5개월 동안 강보경 씨의 죽음 전에 7명이 더 죽었으니까요. 그리고 너무 많아서 지나쳤을지 모를, 살아서도 죽어서도 외로웠을 그 죽음에 영면을 기원하는 꽃이 놓였으면 좋겠습니다. 저는 지금 이 분향소가, 건설일용노동자 강보꼉 씨의 투쟁이 그 시작점이라고 생각합니다. 이 투쟁은 반드시 이길 거라고 생각합니다. 그 결과가 어떤 모습이든 저는 이미 승리하는 투쟁이라고 생각합니다. 싸우고 계신 유족 분들께 송구하고 또 감사합니다. 함께 생명의 꽃길을 만들어 가면 좋겠습니다."
36,2023-10-24T07:02:00,KBS,https://n.news.naver.com/mnews/article/056/0011587690?sid=102,사회,사회 일반,국회 불출석사유서에 첨부된 ‘약과’ 사진,"'파리바게트'와 '삼립빵'으로 유명한 SPC 그룹. 'e편한세상' 아파트로 잘 알려진 대림이앤씨. 두 회사의 공통점이 있습니다. 중대 재해가 자주 일어나는 사업장으로 '악명'이 높다는 점입니다. 국회 환경노동위원회는 지난 12일 국감에서 두 회사의 대표이사들을 불러 노동자 안전 문제를 집중적으로 따졌습니다. 이후 그걸로는 모자란다며 실질적인 경영 책임자, 이른바 '오너'가 오는 26일 직접 종합 국감에 나오라고 했습니다. 하지만 두 회사의 '회장님'들은 해외 출장을 이유로 국회에 불출석 사유서를 제출했습니다. SPC 허영인 회장은 7월에, DL그룹 이해욱 회장은 9월에 각각 비행기 티켓을 끊었다면서 어쩔 수 없는 경영상 일정임을 강조했습니다.   허영인 회장 ""K 푸드 세계화의 기회, 절박한 마음 헤아려 달라"" 국회 환경노동위원회 소속 더불어민주당 윤건영 의원실이 제공한 자료를 보면, SPC 허영인 회장이 내세운 이유는 'K 푸드 세계화'입니다. 허 회장은 ""K 푸드의 세계화와 함께 SPC 그룹의 글로벌 사업 확장을 목표로 미리 계획된 불가피한 해외 출장 때문에 국정감사에 출석하지 못하는 점을 진심으로 죄송하게 생각한다""고 밝혔습니다. 허 회장이 국감 예정일(26일)에 가기로 한 일정이 뭔가 봤더니, 독일 뮌헨에서 열리는 '국제제과제빵 박람회(IBA)'였습니다. 최첨단 제빵 설비와 안전시스템 등이 전시되며, 57개 나라 천3백여 개 업체가 참가한다는 게 허 회장 설명입니다. 특히 올해는 SPC 삼립의 '약과' 가 7천9백 개 후보 중 68개만 선정되는 '아누가 이노베이션 쇼'에서 수상해 해외 바이어들의 관심이 어느 때보다 뜨겁다고 했습니다. 허 회장은 국정감사 불출석 이유서에 혁신 식품으로 선정됐다는 SPC 삼립의 약과 사진을 첨부하기도 했습니다. 그러면서 SPC 그룹을 총괄하는 황재복 대표이사가 국회에 대신 나가게 해 달라고 요청했습니다. ""전 세계 유수 식품기업이 한자리에 모이는 행사에서 혁신 식품에 선정된 상황을 활용하지 못한다면 국제적 경쟁력을 가질 기회를 놓쳐버리는 것입니다.""   이해욱 회장 ""미국에 체류 중.건설경기 침체 극복방안 찾는 중"" DL(대림)그룹 이해욱 회장도 역시 불출석 사유서를 냈습니다. 이 회장은 ""이미 10월 6일 출국하여 미국에 체류하고 있으며, 건설경기 침체를 극복할 방안을 찾기 위해 도심개발사업 현장들을 개별 방문하고 국내 도심환경 개선 및 개발사업에 접목할 부분에 대한 검토를 진행 중""이라고 밝혔습니다. 그러면서 ""10월 25일에는 미래 친환경 에너지원으로 각광 받는 업체(X Energy)의 경영진을 만나고, 10월 27일에는 세계 일류 엔지니어링사인 KBR 경영진과 바이오 항공유 기술 공동개발 MOU를 체결한다""고 밝혔습니다. 이런 일정 때문에 26일로 예정된 국회의 국정감사 출석 요구에는 응할 수 없다는 것입니다. 이해욱 DL그룹 회장의 말은 이렇습니다. ""귀 위원회에 출석해 위원님들께 중대 재해 재발 방지에 대한 저와 DL그룹 전 임직원들의 의지를 표명하는 것이 너무나 당연하지만, 위와 같은 일정을 제가 일방적으로 취소하거나 다른 때로 조정하는 것은 현실적으로 쉽지 않은 점을 널리 양해해 주시기를 간곡히 부탁드립니다""   지난해부터 SPC 2명 DL은 8명의 노동자 사망 지난해 10월 15일, SPC 계열사인 SPL 평택공장에서 일하던 20대 여성 노동자 박선빈 씨가 기계에 끼어 숨지자 허영인 SPC 그룹 회장은 10월 21일, 기자회견에서 고개를 숙인 뒤 안전시설 확충을 약속했습니다. 하지만 올해 8월, SPC 계열사인 샤니의 성남 제빵공장에서 50대 노동자가 반죽 기계에 끼어 또 사망했습니다. 가장 최근인 지난 18일에는, 1년 전 사고가 났던 SPL 평택공장에서 한 50대 노동자가 기계에 손이 끼어 다쳤습니다. DL(대림)이앤씨의 사업장에선 지난해 중대재해처벌법이 시행된 뒤 7번의 사고가 나, 8명의 노동자가 숨졌습니다. 법 시행 이후 가장 많은 '중대 재해'가 일어난 회사입니다. 특히 지난 8월 부산의 아파트 건설현장에서 일하다 추락해 숨진 29살 고 강보경 씨 사건과 관련해선, 원청인 DL이앤씨와 하청업체인 KCC가 서로 책임을 떠넘기고 있다는 비판을 받고 있습니다. 회사 앞에서 1인 시위 중인 강 씨의 어머니는 아들 죽음에 대한 진상규명과 경영자 처벌을 촉구하고 있습니다. 국회 환경노동위원회는 두 사람이 제출한 '국회 불출석 사유서' 의 타당성을 따진 뒤, 고의로 국감을 회피할 목적이 있다고 판단되면 형사 고발까지 검토한다는 방침입니다.   4444"
37,2023-03-30T10:10:00,머니투데이,https://n.news.naver.com/mnews/article/008/0004868471?sid=101,경제,산업/재계,"한국 해상풍력 시장, 국내 기업 해외 진출 위해 빨리 커져야","유태승 COP 코리아 공동대표 인터뷰  '온실가스 순배출량 제로(넷제로)' 중간 목표 시점인 2030년을 앞두고 전세계 정부와 기업들의 행보가 빨라지고 있습니다. 전세계적으로 '왜'에서 '어떻게'의 단계로 접어든 넷제로 추진은 에너지 전환, 산업, 수송, 건물 등의 전 방위적 변화를 수반합니다. 광범위한 변화의 한가운데 있는 만큼 다양한 시각과 정보가 혼재합니다. 넷제로 달성과 관련해 가장 전방에 있는 각국 기업 기관의 인물들을 만나 우리에게 가장 합리적인 달성 방법을 고민하는데 도움이 되는 정보를 전달하려 합니다. '한국은 바람이 약해서 해상풍력 발전이 어렵다?'  해상풍력은 국토의 삼면이 바다인 한국이 선택할 수 있는 가장 현실적 재생에너지 발전원 중 하나로 꼽힌다. 동시에 자연환경 등을 이유로 한 회의론 역시 상존한다. 약 14년간 한국을 포함한 여러 국가의 해상풍력 프로젝트에 참여한 유태승 COP(코펜하겐오프쇼어파트너스) 코리아 대표는 한국의 해상풍력발전 잠재력을 다른 지역과 가장 객관적으로 비교할 수 있는 인물로 꼽힌다. 27일 서울 COP 코리아 사무실에서 유 대표를 만나 '해상풍력 입지로서의 한국'이 다른 국가들과 어떻게 다른 지 들었다.  유 대표는 한국에너지기술평가원, 대림산업(현 DL이앤씨)을 거치며 한국은 물론 대만, 영국, 독일, 네덜란드 등에서 해상풍력 사업 개발을 경험했고, 현재 덴마크 해상풍력발전 개발사 COP의 한국 대표를 맡아 서남해 및 울산 지역의 해상풍력 프로젝트를 진행하고 있다. 그는 한국이 갖춘 제조업 공급망이 해상풍력 입지로서의 뚜렷한 강점이라고 설명했다. 특히 해상풍력 공급망에 속한 한국 기업의 경쟁력 제고와 해외 시장 진출을 위해 한국 내 해상풍력 시장이 빨리 성장해야 한다고 강조했다.   한국은 해상풍력을 하기에 자연환경이 적합하지 않다는 통념이 있다. 한국은 물론 대만과 유럽의 여러 국가에서 해상풍력 사업에 참여하셨다. 해상풍력 입지의 관점에서 한국의 자연환경을 평가한다면.    한국은 풍속이 유럽의 북해나 대만처럼 굉장히 높은 편은 아니다. 그러나 한국에서 1~2년간 풍향 계측기로 측정한 결과 울산, 서해안 지역 먼바다는 8m 초 이상의 풍속이 나오는 걸 확인했다. 최적지는 풍속이 연평균 8.5m 초까지 나온다. 북해(약 10~11m 초)에 비해 크게 뒤지지 않는다. 한국의 바람이 해상풍력에 나쁜 편이 아니다. 더군다나 해상풍력 입지를 볼 때 자연환경 측면에서 풍속 외에 중요한 게 있다. 지질과 수심이다. 대만과 비교해보면, 대만은 바람이 세지만 바다의 수심이 깊고 해저 지반이 단단하지 않다. 실제로 한 개발업체가 대만에서 시공 하다 하부구조물이 지반 밑으로 빠져 소실되면서 큰 손해를 입었다. 반면 한국 해양의 수심은 상대적으로 더 얕고 지반은 단단하다. 지질과 수심 측면에서는 한국의 환경이 대만에 비해 유리하다.    수심과 지반 특성이 해상풍력 발전사업에 미치는 영향을 좀 더 설명해달라.    대만처럼 수심이 깊은 곳에서는 '자켓' 형태의 하부구조물(풍력 발전기를 지지해주는 하단)을 써야 한다. 반면 한국 서남해 같은 (수심이 깊지 않은) 경우는 다른 형태의 하부구조물인 '모노파일'을 쓸 수 있다. 자켓형 하부구조물은 모노파일에 비해 최대 두 배 정도 비싸다. 즉 한국은 지반 특성 상 비용이 더 적게 들어가는 하부구조물을 쓸 수 있다. 공사비가 더 적게 든다는 의미다. 공사비가 적게 들기 때문에 사업성은 더 좋아진다. 바람이 수익이고, 공사 비용을 지출이라 볼 때 수익이 많아도 지출이 더 많다면 안 좋은 사업이고, 수익은 좀 적어도 지출이 더 적으면 좋은 사업이 된다. 한국은 후자다.   해상풍력단지 건설에 다양한 업종이 참여하는 만큼, 해상풍력 사업 입지를 평가할 때 해당 국가 내 공급망도 중요해 보인다.   어떤 지역에서 해상풍력을 할 수 있느냐 없느냐를 결정하는 요인 중 환경적 측면과 함께 매우 중요한 부분이 해당 지역의 공급망이 얼마나 준비돼 있는 가다. 앞서 말했듯, 바람이 수익이라면 지출은 공사비와 사업비인데 이 공사비를 결정 짓는 핵심 요인이 공급망이다. 하부구조물, 케이블, 설치부분 등의 BOP(Balance of Plant, 터빈을 제외한 해상풍력단지 건설에 필요한 구조물과 설비)의 모든 부분이 공급망에 포함된다. 한국은 이미 유관 산업들, 중공업, 철강, 조선 등을 포함한 공급망 저변이 굉장히 잘 구축돼 있다. 이는 해상풍력 단지를 지을 때 (구성 요소들을 가까운 거리에서 조달할 수 있어) 공사비가 적게 든다는 걸 뜻한다. 대만에서는 정책적으로 지역화(역내 기업들로 공급망을 구축)를 추진했음에도 불구하고, 해상풍력 단지를 만들 수 있는 기술이 제한적이었다. 결국 SK오션플랜트(옛 삼강엠앤티) 등 한국 기업들의 하부구조물을 대만으로 수입해 썼다.   해상풍력 단지 건설에 필요한 공급망이 매우 크고 여러 단계에 걸쳐져 있는 것으로 보인다. 한국 기업들이 공급망의 각 영역에서 세계적으로 어떤 위치인가.   외국 업체의 시각으로 볼 때 공급망을 구성하고 있는 한국 기업들의 수준은 굉장히 높다. 하부구조물 분야에는 SK오션플랜트, 현대산업스틸, 세아제강 등이 있다. 세아제강은 이미 유럽에 진출해서 현지 공장을 설립했다. LS케이블 역시 대만은 물론 유럽 시장에서 발판을 넓히고 있고, 심지어 초기 시장인 부유식 다이내믹 케이블 분야까지 진출했다. 대한전선도 해상풍력 쪽으로 분야를 확대해 가고 있는 걸로 알고 있다. 씨에스윈드 타워는 세계 1위고, 동국S C, 윈앤피(유니슨 자회사) 등의 타워 업체도 있는데, 한국 시장이 성숙해진다면 한 업체가 물량을 다 소화할 수 없기 때문에 규모의 경제가 형성되면서 이런 업체들이 굉장히 빨리 성장할 수 있다. 여기에 이미 시공 실적을 확보하고 있는 현대건설을 포함해 DL이앤씨, 삼성물산 등 EPC(설계 조달 시공) 분야의 잠재력 있는 한국 기업들이 많다. 더 저변의 포스코, 현대제철 등 철강 기업은 말할 것도 없다. 이미 갖고 있는 좋은 점들을 다 연결 하면 한국은 좋은 시장이 될 수 있다.  한국 내 해상풍력이 확대될 때 공급망에 속한 한국 기업들이 얻는 효과는.    한국 기업들이 궁극적으로 바라 봐야 하는 곳은 해외 시장이다. 해상풍력은 해외 시장의 규모가 거대하게 형성되고 있다. 국제재생에너지기구(IRENA)는 2050년 전세계 해상풍력 시장을 1000GW로 전망했다(2022년 해상풍력발전 누적용량은 약 55.7GW). 여기에 우크라이나 전쟁 후 유럽 국가들이 에너지 안보 차원에서 해상풍력을 더 확대하기로 했다. 유럽 시장도 다시 블루오션화하고 있다. 한국 기업들이 세계 해상풍력 시장에 진출하려면 트랙 레코드가 필요하다. 해상풍력은 트랙 레코드에 기반한 시장이다. 실적이 있는 기업만 진출할 수 있다. 한국 기업이 이런 트랙 레코드를 쌓으려면 다른 국가의 시장이 아니라 한국에서 해야 한다. 한국 시장이나 한국 정부가 지원해서 한국 기업들이 할 수 있게 해야 한다. 동시에 한국 기업들의 (기술 개발) 속도가 느린 분야는 외국 기업들과 제휴해서 빨리 기술을 습득하는 '실행에 의한 학습(Learning by Doing)'을 해야 한다. 그렇게 하지 않고서는 배울 기회가 없다.   해외 사업자들의 한국 진출이 한국 기업들의 자리를 빼앗는 것 아니냐는 시각도 있다.  해상풍력 프로젝트의 구조를 이해할 필요가 있다. 해상풍력 프로젝트는 비소구 금융(non recourse loan, 프로젝트의 현금흐름을 기반으로 자금을 대여하는 형태라 채권자가 사업의 위험도를 까다롭게 평가)을 일으켜 진행된다. 사업 구조가 잘 짜이고 위험도가 낮은 사업으로 평가돼야 투자자들의 자금을 유치할 수 있다. 이 것(투자자금 유치 획득)의 핵심은 큰 규모의 개발을 해 본 업체가 해야 한다는 점이다. 또 경험이 많고, 기술적으로 검증된 터빈을 쓰는 지 여부 등의 트랙 레코드가 필요하다. 특히 터빈의 경우 기술을 쉽게 나눠주려고 하지 않는다. 그래서 나눠줄 수 있도록 정부나 한국의 시장 여건이 한국 기업들을 지원해야 한다. 한국 시장이 확대된다면, 해외 터빈사들이 한국 시장 진출을 바랄 것이고, 이 장벽을 돌파하기 위해 국내 업체와 파트너십을 맺는 전략을 선호할 것이다. 선진화된 기술을 가진 해외 기업과 파트너십을 맺어 한국의 사업에 기여한다면 한국 기업의 기술도 더 빨리 성장할 수 있을 거라 생각한다. 그렇지 않으면 우리도 30년(유럽 해상풍력 터빈사들이 현재 수준까지 기술력을 키운 기간)이 걸린다.   또 해상풍력 사업에 있어서 가장 중요한 것이 개발 노하우다. 한국 업체가 사업성 있는 사업을 개발하는 걸 (해외 디벨로퍼를 통해) 배울 수 있다. 바람, 수심, 내부망 연계거리 이런 것들을 종합해서 비용이 적게 들어가는 최적의 위치를 찾아내는 기술을 습득을 해야 한다. (해외 디벨로퍼들이) 잘 안 주려고 하겠지만, 그 개발 노하우를 습득할 수 있는 기회를 (한국 해상풍력 시장이 커지면) 가질 수 있다. 이렇게 되면 한국의 에너지 전환뿐 아니라 거대한 글로벌 시장의 조기 진출에 굉장히 중요한 역할을 할 수 있다고 생각한다. 아울러 상당한 규모의 경제를 이뤄 한국 공급망이 경쟁력을 갖는 경험을 해야 한다. 그러려면 한국에서 사업이 많이 일어나야 한다. 프로젝트들이 많이 쏟아져 나오는 파이프라인이 형성 돼야 공급망이 살아난다.  자본 측면에서도 국부유출이 아니다. 해상풍력 사업의 구조를 보면 그렇다. 한국에서 지원을 받으면서 사업을 할 때는 국내 금융을 쓰는 게 상식이다. 프로젝트에 필요한 자본 중 타인자본 최대치를 80%라 할 때 이 타인자본을 국내 금융으로만 조달할 수 있다. 여기에 지역화를 해야 경제성이 나온다. 유럽에서 1톤 규모의 하부구조물을 한국까지 실어 올 수 없다. 최대한 국내 기업들의 제품을 써야 한다. 대만은 쓰고 싶어도 (대만 제조업체들이 없어서) 쓸 수 없었는데, 한국은 이미 기라성 같은 기업들이 존재하고 있다. 게다가 사업이 많아지면 기업들이 순간적으로 전환할 수 있도록 한국 기업들의 체계가 성숙해져 있다. 또 이런 투자 자금이 한국 기업들에게 투자돼 지역에서 일자리를 형성하고 지역 경제를 살리는 구조도 만들어질 수 있다.    대만이 해상풍력 확대에 속도를 내고 있고, 일본, 베트남 등에 진출하는 해상풍력 글로벌 업체들이 늘어나는 등 아시아 국가들의 해상풍력 확대가 빨라지는 추세다.   한국 정부는 2010년에 해상풍력 계획(서남해 해상풍력 2.5GW 종합추진계획)을 세웠다. 빠른 출발이었지만, 지금은 아시아에서 다른 국가들이 더 앞서 있다. 대만은 2016년경 정책적으로 해상풍력에 문을 열기 시작했다. COP는 2017년 중반경 대만 해상풍력 시장에 진출했고, 다른 외국계 기업들도 2017년경 진입을 시작했다. 2015년만 해도 대만은 해상풍력을 하기 안 좋은 지역이었지만 그 이후 적극적인 정책을 하고 지역화를 추진해 한국을 앞서게 됐다. 베트남의 해상풍력 시장도 상대적으로 저렴한 인건비 등을 무기로 빠르게 성장 중이다. 지금 같은 상황이면 베트남이 한국보다 해상풍력 분야에서 더 빠르게 성장할 가능성도 있다. 일본은 제도를 먼저 정비하고 가는 국가이기 때문에 현재는 한국보다 느린 경향이 있으나, 제도완비 후 굉장히 가속을 낼 것으로 보인다. 중국은 이미 풍력에 관해서는 전세계적으로 매우 큰 위상을 과시하고 있고, 인도와 필리핀도 해상풍력 시장에 빠르게 진입하고 있다. 한국은 본격적으로 시작한 지 지금 14년째다. 우리가 먼저 시작했지만, 지금은 뒤쳐졌다. 다른 국가들이 빨리 치고 나가고 있어 (한국의 해상풍력 시장 확대가 늦어지면) 국제 시장에서 한국의 경쟁력이 없어질 것이고, 국내 시장에서도 고전을 면치 못할 것 같다. 그런 점이 우려된다.   인프라 측면에서 한국이 해상풍력을 위해 준비해야 될 부분이 있다면.   지금부터 고려해야 할 부분은 부족한 배후항만이다. 부두의 길이 등 해상풍력 단지를 짓기 위해 필요한 조건을 갖춘 항만이 필요하다. 한국이 배후항만을 잘 준비하면 일본, 대만, 더 나아가 아시아 지역의 허브가 될 잠재력이 있다. 덴마크 항구도시 에스비에르의 배후항만이 유럽 배후항만 수요의 약 50%를 담당하면서 지역의 일자리도 많이 창출했는데 참고할 수 있을 듯하다.   COP는?  세계 최대 규모의 재생에너지 녹색분야 특화 자산운용사 CIP(코펜하겐인프라스트럭쳐파트너스)의 해상풍력 사업 개발을 전담하는 기업. 2012년 덴마크 국영 에너지사 동에너지(현 오스테드)의 해상풍력 사업 주축 멤버였던 야콥 폴슨 부사장 등이 덴마크 최대 연기금 '펜션 덴마크'와 함께 CIP를 설립했고, COP는 2015년 CIP 출신들이 설립한 해상풍력 개발사다. COP는 현재 CIP가 투자하는 해상풍력 사업을 전담해 개발 운영한다. CIP COP가 전세계에서 진행 중인 해상풍력 사업 규모는 15개국에서 50GW 이상이다. 한국에선 전라남도 신안에서 SK E S와 900MW 규모의 사업을 진행 중이고, CIP COP 독자적으로 전라남도 신안 영광 지역 및 경상북도 울산 해역에서 기가와트급 규모의 사업을 추진하고 있다.   유태승 대표는  2021.01  COP 코리아 공동대표  2018.8  2020. 12   COP 코리아 대표  2011.11 ~2018.7    대림산업(현 DL 이앤씨) 해상풍력사업포함 글로벌 인프라 비즈니스 영업 육 해상풍력발전개발 및 EPC 사업 담당  2010.4  2011.10    한국에너지기술평가원(KETEP) 선임연구원 (국가 풍력에너지 계획 총괄)  미국 펜실베니아 대학교 기계공학 박사   기사를 더 보고 싶다면?          기사 섹션 분류 안내 이 기사를 추천합니다"
